{"v":"5.7.4","fr":29.9700012207031,"ip":0,"op":360.000014663101,"w":1452,"h":596,"nm":"Animated L&R v4","ddd":0,"assets":[],"layers":[{"ddd":0,"ind":1,"ty":4,"nm":"L&R StackedDM RGB-K Outlines 3","sr":1,"ks":{"o":{"a":0,"k":100,"ix":11},"r":{"a":0,"k":0,"ix":10},"p":{"a":0,"k":[776,169,0],"ix":2,"x":"var $bm_rt;\nvar e, g, nMax, n, n, t, v, vl, vu, vu, tCur, segDur, tNext, nb, delta;\ne = 0.3;\ng = 5000;\nnMax = 9;\n$bm_rt = n = 0;\nif (numKeys > 0) {\n    $bm_rt = n = nearestKey(time).index;\n    if (key(n).time > time)\n        n--;\n}\nif (n > 0) {\n    t = $bm_sub(time, key(n).time);\n    v = $bm_mul($bm_neg(velocityAtTime($bm_sub(key(n).time, 0.001))), e);\n    vl = length(v);\n    if ($bm_isInstanceOfArray(value)) {\n        vu = vl > 0 ? normalize(v) : [\n            0,\n            0,\n            0\n        ];\n    } else {\n        vu = v < 0 ? -1 : 1;\n    }\n    tCur = 0;\n    segDur = $bm_div($bm_mul(2, vl), g);\n    tNext = segDur;\n    nb = 1;\n    while (tNext < t && nb <= nMax) {\n        vl *= e;\n        segDur *= e;\n        tCur = tNext;\n        tNext = $bm_sum(tNext, segDur);\n        nb++;\n    }\n    if (nb <= nMax) {\n        delta = $bm_sub(t, tCur);\n        $bm_rt = $bm_sum(value, $bm_mul($bm_mul(vu, delta), $bm_sub(vl, $bm_div($bm_mul(g, delta), 2))));\n    } else {\n        $bm_rt = value;\n    }\n} else\n    $bm_rt = value;","l":2},"a":{"a":0,"k":[960,540,0],"ix":1,"l":2},"s":{"a":0,"k":[100,100,100],"ix":6,"l":2}},"ao":0,"shapes":[{"ty":"gr","it":[{"ind":0,"ty":"sh","ix":1,"ks":{"a":0,"k":{"i":[[0,0],[1.635,1.5],[0,2.185],[0,0],[-1.634,1.501],[-2.183,0],[0,0],[-1.633,-1.493],[0,-2.177],[0,0],[0,0],[-1.5,-1.634],[0,-2.176],[0,0],[1.493,-1.636],[2.178,0]],"o":[[-2.183,0],[-1.634,-1.494],[0,0],[0,-2.177],[1.635,-1.493],[0,0],[2.176,0],[1.634,1.501],[0,0],[0,0],[2.178,0],[1.493,1.632],[0,0],[0,2.183],[-1.5,1.633],[0,0]],"v":[[-52.083,126.226],[-57.804,123.98],[-60.254,118.464],[-60.254,-118.464],[-57.804,-123.981],[-52.083,-126.227],[-19.404,-126.227],[-13.686,-123.981],[-11.234,-118.464],[-11.234,85.376],[52.491,85.376],[58.007,87.828],[60.253,93.547],[60.253,118.057],[58.007,123.776],[52.491,126.226]],"c":true},"ix":2},"nm":"Path 1","mn":"ADBE Vector Shape - Group","hd":false},{"ty":"fl","c":{"a":0,"k":[0,0,0,1],"ix":4},"o":{"a":1,"k":[{"i":{"x":[0.833],"y":[0.833]},"o":{"x":[0.167],"y":[0.167]},"t":74,"s":[0]},{"t":75.0000030548126,"s":[100]}],"ix":5},"r":1,"bm":0,"nm":"Fill 1","mn":"ADBE Vector Graphic - Fill","hd":false},{"ty":"tr","p":{"a":0,"k":[1067.787,539.808],"ix":2},"a":{"a":0,"k":[0,0],"ix":1},"s":{"a":0,"k":[100,100],"ix":3},"r":{"a":0,"k":0,"ix":6},"o":{"a":0,"k":100,"ix":7},"sk":{"a":0,"k":0,"ix":4},"sa":{"a":0,"k":0,"ix":5},"nm":"Transform"}],"nm":"Group 11","np":2,"cix":2,"bm":0,"ix":1,"mn":"ADBE Vector Group","hd":false},{"ty":"gr","it":[{"ind":0,"ty":"sh","ix":1,"ks":{"a":0,"k":{"i":[[0,0],[0,0],[0,0]],"o":[[0,0],[0,0],[0,0]],"v":[[0,-46.977],[-20.425,53.514],[20.425,53.514]],"c":true},"ix":2},"nm":"Path 1","mn":"ADBE Vector Shape - Group","hd":false},{"ind":1,"ty":"sh","ix":2,"ks":{"a":0,"k":{"i":[[0,0],[-1.366,-1.494],[-0.548,-2.177],[0,0],[1.633,-1.494],[2.177,0],[0,0],[1.359,1.5],[0.543,2.185],[0,0],[0,0],[0,0],[1.36,-1.494],[2.176,0],[0,0],[1.634,1.5],[0,2.185],[0,0],[-1.366,1.501],[-2.183,0]],"o":[[2.178,0],[1.359,1.501],[0,0],[0,2.185],[-1.635,1.5],[0,0],[-2.182,0],[-1.366,-1.494],[0,0],[0,0],[0,0],[-0.549,2.185],[-1.366,1.5],[0,0],[-2.184,0],[-1.634,-1.494],[0,0],[0.543,-2.177],[1.36,-1.494],[0,0]],"v":[[22.875,-126.227],[28.186,-123.979],[31.045,-118.464],[84.15,118.464],[81.7,123.98],[75.98,126.227],[43.709,126.227],[38.399,123.98],[35.539,118.464],[30.229,93.956],[-30.229,93.956],[-35.539,118.464],[-38.399,123.98],[-43.709,126.227],[-75.981,126.227],[-81.7,123.98],[-84.151,118.464],[-31.046,-118.464],[-28.187,-123.979],[-22.876,-126.227]],"c":true},"ix":2},"nm":"Path 2","mn":"ADBE Vector Shape - Group","hd":false},{"ty":"mm","mm":1,"nm":"Merge Paths 1","mn":"ADBE Vector Filter - Merge","hd":false},{"ty":"fl","c":{"a":0,"k":[0,0,0,1],"ix":4},"o":{"a":1,"k":[{"i":{"x":[0.833],"y":[0.833]},"o":{"x":[0.167],"y":[0.167]},"t":72,"s":[0]},{"t":73.000002973351,"s":[100]}],"ix":5},"r":1,"bm":0,"nm":"Fill 1","mn":"ADBE Vector Graphic - Fill","hd":false},{"ty":"tr","p":{"a":0,"k":[903.779,539.808],"ix":2},"a":{"a":0,"k":[0,0],"ix":1},"s":{"a":0,"k":[100,100],"ix":3},"r":{"a":0,"k":0,"ix":6},"o":{"a":0,"k":100,"ix":7},"sk":{"a":0,"k":0,"ix":4},"sa":{"a":0,"k":0,"ix":5},"nm":"Transform"}],"nm":"Group 12","np":4,"cix":2,"bm":0,"ix":2,"mn":"ADBE Vector Group","hd":false},{"ty":"gr","it":[{"ind":0,"ty":"sh","ix":1,"ks":{"a":0,"k":{"i":[[0,0],[0,0],[1.494,1.633],[0,2.182],[0,0],[-1.5,1.633],[-2.182,0],[0,0],[-1.499,-1.635],[0,-2.177],[0,0],[1.493,-1.635],[2.176,0],[0,0],[0,0],[1.634,-1.494],[2.176,0],[0,0],[1.633,1.5],[0,2.184]],"o":[[0,0],[-2.182,0],[-1.5,-1.635],[0,0],[0,-2.177],[1.494,-1.635],[0,0],[2.176,0],[1.493,1.633],[0,0],[0,2.182],[-1.499,1.633],[0,0],[0,0],[0,2.184],[-1.633,1.5],[0,0],[-2.183,0],[-1.635,-1.494],[0,0]],"v":[[-24.51,-85.375],[-58.824,-85.375],[-64.338,-87.826],[-66.585,-93.545],[-66.585,-118.055],[-64.338,-123.774],[-58.824,-126.227],[58.824,-126.227],[64.339,-123.774],[66.585,-118.055],[66.585,-93.545],[64.339,-87.826],[58.824,-85.375],[24.511,-85.375],[24.511,118.465],[22.059,123.98],[16.341,126.227],[-16.34,126.227],[-22.058,123.98],[-24.51,118.465]],"c":true},"ix":2},"nm":"Path 1","mn":"ADBE Vector Shape - Group","hd":false},{"ty":"fl","c":{"a":0,"k":[0,0,0,1],"ix":4},"o":{"a":1,"k":[{"i":{"x":[0.833],"y":[0.833]},"o":{"x":[0.167],"y":[0.167]},"t":70,"s":[0]},{"t":71.0000028918893,"s":[100]}],"ix":5},"r":1,"bm":0,"nm":"Fill 1","mn":"ADBE Vector Graphic - Fill","hd":false},{"ty":"tr","p":{"a":0,"k":[765.908,539.808],"ix":2},"a":{"a":0,"k":[0,0],"ix":1},"s":{"a":0,"k":[100,100],"ix":3},"r":{"a":0,"k":0,"ix":6},"o":{"a":0,"k":100,"ix":7},"sk":{"a":0,"k":0,"ix":4},"sa":{"a":0,"k":0,"ix":5},"nm":"Transform"}],"nm":"Group 13","np":2,"cix":2,"bm":0,"ix":3,"mn":"ADBE Vector Group","hd":false},{"ty":"gr","it":[{"ind":0,"ty":"sh","ix":1,"ks":{"a":0,"k":{"i":[[0,0],[1.635,-1.495],[2.177,0],[0,0],[1.633,1.5],[0,2.185],[0,0],[-1.635,1.501],[-2.182,0],[0,0],[-1.634,-1.493],[0,-2.177]],"o":[[0,2.185],[-1.634,1.5],[0,0],[-2.182,0],[-1.635,-1.495],[0,0],[0,-2.177],[1.633,-1.493],[0,0],[2.177,0],[1.635,1.501],[0,0]],"v":[[24.51,118.464],[22.059,123.98],[16.34,126.227],[-16.34,126.227],[-22.058,123.98],[-24.51,118.464],[-24.51,-118.465],[-22.058,-123.981],[-16.34,-126.227],[16.34,-126.227],[22.059,-123.981],[24.51,-118.465]],"c":true},"ix":2},"nm":"Path 1","mn":"ADBE Vector Shape - Group","hd":false},{"ty":"fl","c":{"a":0,"k":[0,0,0,1],"ix":4},"o":{"a":1,"k":[{"i":{"x":[0.833],"y":[0.833]},"o":{"x":[0.167],"y":[0.167]},"t":68,"s":[0]},{"t":69.0000028104276,"s":[100]}],"ix":5},"r":1,"bm":0,"nm":"Fill 1","mn":"ADBE Vector Graphic - Fill","hd":false},{"ty":"tr","p":{"a":0,"k":[655.207,539.808],"ix":2},"a":{"a":0,"k":[0,0],"ix":1},"s":{"a":0,"k":[100,100],"ix":3},"r":{"a":0,"k":0,"ix":6},"o":{"a":0,"k":100,"ix":7},"sk":{"a":0,"k":0,"ix":4},"sa":{"a":0,"k":0,"ix":5},"nm":"Transform"}],"nm":"Group 14","np":2,"cix":2,"bm":0,"ix":4,"mn":"ADBE Vector Group","hd":false},{"ty":"gr","it":[{"ind":0,"ty":"sh","ix":1,"ks":{"a":0,"k":{"i":[[0,0],[1.225,-1.226],[1.634,0],[0,0],[1.226,1.225],[0,1.366],[0,0],[7.895,-2.72],[6.261,0],[9.255,3.536],[6.67,6.403],[3.676,8.578],[0,10.076],[0,0],[-3.676,8.577],[-6.678,6.402],[-9.262,3.542],[-10.895,0],[-9.127,-3.536],[-6.677,-6.396],[-3.817,-8.58],[0,-10.072],[0,0],[1.633,-1.636],[2.176,0],[0,0],[1.633,1.633],[0,2.183],[0,0],[5.444,4.086],[6.261,0],[5.579,-4.084],[0,-9.803],[0,0],[-5.585,-4.22],[-6.268,0],[-5.451,4.226],[0,9.804],[0,0],[0,0],[0.677,0.817],[0.267,0.817],[0,0],[-2.182,0],[0,0],[-0.409,-0.544],[-0.275,-0.542],[0,0]],"o":[[0,1.366],[-1.225,1.225],[0,0],[-1.366,0],[-1.225,-1.226],[0,0],[-5.993,6.268],[-7.903,2.719],[-10.895,0],[-9.262,-3.538],[-6.678,-6.394],[-3.676,-8.579],[0,0],[0,-10.072],[3.676,-8.58],[6.67,-6.396],[9.255,-3.536],[10.621,0],[9.121,3.542],[6.67,6.402],[3.81,8.577],[0,0],[0,2.183],[-1.634,1.633],[0,0],[-2.182,0],[-1.634,-1.636],[0,0],[0,-9.803],[-5.451,-4.084],[-6.268,0],[-5.585,4.086],[0,0],[0,9.804],[5.579,4.226],[6.261,0],[5.444,-4.22],[0,0],[0,0],[-0.548,0],[-0.682,-0.817],[0,0],[0,-1.902],[0,0],[0.542,0],[0.408,0.548],[0,0],[0,0]],"v":[[74.96,120.508],[73.122,124.388],[68.832,126.227],[47.999,126.227],[44.118,124.388],[42.28,120.508],[42.28,111.52],[21.447,125.002],[0.204,129.086],[-30.024,123.776],[-53.921,108.865],[-69.445,86.398],[-74.96,58.417],[-74.96,-58.414],[-69.445,-86.396],[-53.921,-108.865],[-30.024,-123.774],[0.204,-129.086],[29.82,-123.774],[53.514,-108.865],[69.241,-86.396],[74.96,-58.414],[74.96,-53.922],[72.509,-48.201],[66.79,-45.752],[34.109,-45.752],[28.391,-48.201],[25.939,-53.922],[25.939,-61.276],[17.77,-82.109],[0.204,-88.237],[-17.566,-82.109],[-25.939,-61.276],[-25.939,60.867],[-17.566,81.904],[0.204,88.237],[17.77,81.904],[25.939,60.867],[25.939,21.242],[6.74,21.242],[4.902,20.016],[3.473,17.565],[3.473,-11.438],[6.74,-14.297],[72.509,-14.297],[73.939,-13.479],[74.96,-11.846],[74.96,116.831]],"c":true},"ix":2},"nm":"Path 1","mn":"ADBE Vector Shape - Group","hd":false},{"ty":"fl","c":{"a":0,"k":[0,0,0,1],"ix":4},"o":{"a":1,"k":[{"i":{"x":[0.833],"y":[0.833]},"o":{"x":[0.167],"y":[0.167]},"t":66,"s":[0]},{"t":67.0000027289659,"s":[100]}],"ix":5},"r":1,"bm":0,"nm":"Fill 1","mn":"ADBE Vector Graphic - Fill","hd":false},{"ty":"tr","p":{"a":0,"k":[527.54,539.808],"ix":2},"a":{"a":0,"k":[0,0],"ix":1},"s":{"a":0,"k":[100,100],"ix":3},"r":{"a":0,"k":0,"ix":6},"o":{"a":0,"k":100,"ix":7},"sk":{"a":0,"k":0,"ix":4},"sa":{"a":0,"k":0,"ix":5},"nm":"Transform"}],"nm":"Group 15","np":2,"cix":2,"bm":0,"ix":5,"mn":"ADBE Vector Group","hd":false},{"ty":"gr","it":[{"ind":0,"ty":"sh","ix":1,"ks":{"a":0,"k":{"i":[[0,0],[1.635,-1.495],[2.177,0],[0,0],[1.634,1.5],[0,2.185],[0,0],[-1.634,1.501],[-2.182,0],[0,0],[-1.634,-1.493],[0,-2.177]],"o":[[0,2.185],[-1.634,1.5],[0,0],[-2.182,0],[-1.634,-1.495],[0,0],[0,-2.177],[1.634,-1.493],[0,0],[2.177,0],[1.635,1.501],[0,0]],"v":[[24.51,118.464],[22.059,123.98],[16.34,126.227],[-16.34,126.227],[-22.059,123.98],[-24.51,118.464],[-24.51,-118.465],[-22.059,-123.981],[-16.34,-126.227],[16.34,-126.227],[22.059,-123.981],[24.51,-118.465]],"c":true},"ix":2},"nm":"Path 1","mn":"ADBE Vector Shape - Group","hd":false},{"ty":"fl","c":{"a":0,"k":[0,0,0,1],"ix":4},"o":{"a":1,"k":[{"i":{"x":[0.833],"y":[0.833]},"o":{"x":[0.167],"y":[0.167]},"t":64,"s":[0]},{"t":65.0000026475043,"s":[100]}],"ix":5},"r":1,"bm":0,"nm":"Fill 1","mn":"ADBE Vector Graphic - Fill","hd":false},{"ty":"tr","p":{"a":0,"k":[401.917,539.808],"ix":2},"a":{"a":0,"k":[0,0],"ix":1},"s":{"a":0,"k":[100,100],"ix":3},"r":{"a":0,"k":0,"ix":6},"o":{"a":0,"k":100,"ix":7},"sk":{"a":0,"k":0,"ix":4},"sa":{"a":0,"k":0,"ix":5},"nm":"Transform"}],"nm":"Group 16","np":2,"cix":2,"bm":0,"ix":6,"mn":"ADBE Vector Group","hd":false},{"ty":"gr","it":[{"ind":0,"ty":"sh","ix":1,"ks":{"a":0,"k":{"i":[[0,0],[5.444,4.084],[6.262,0],[0,0],[0,0],[0,0],[-5.452,4.084],[0,10.076]],"o":[[0,-10.071],[-5.452,-4.086],[0,0],[0,0],[0,0],[6.262,0],[5.444,-4.086],[0,0]],"v":[[25.531,-58.007],[17.362,-79.247],[-0.204,-85.375],[-25.531,-85.375],[-25.531,85.785],[-0.204,85.785],[17.362,79.659],[25.531,58.417]],"c":true},"ix":2},"nm":"Path 1","mn":"ADBE Vector Shape - Group","hd":false},{"ind":1,"ty":"sh","ix":2,"ks":{"a":0,"k":{"i":[[0,0],[1.634,1.5],[0,2.184],[0,0],[-1.634,1.501],[-2.182,0],[0,0],[-9.127,-3.536],[-6.676,-6.396],[-3.817,-8.578],[0,-10.346],[0,0],[3.81,-8.712],[6.67,-6.262],[9.121,-3.535],[10.621,0]],"o":[[-2.182,0],[-1.634,-1.494],[0,0],[0,-2.177],[1.634,-1.494],[0,0],[10.621,0],[9.121,3.542],[6.67,6.402],[3.81,8.579],[0,0],[0,10.079],[-3.817,8.719],[-6.676,6.268],[-9.127,3.543],[0,0]],"v":[[-66.381,126.227],[-72.1,123.98],[-74.551,118.466],[-74.551,-118.464],[-72.1,-123.979],[-66.381,-126.227],[-0.204,-126.227],[29.411,-120.916],[53.104,-106.005],[68.832,-83.537],[74.552,-55.146],[74.552,55.556],[68.832,83.742],[53.104,106.211],[29.411,120.916],[-0.204,126.227]],"c":true},"ix":2},"nm":"Path 2","mn":"ADBE Vector Shape - Group","hd":false},{"ty":"mm","mm":1,"nm":"Merge Paths 1","mn":"ADBE Vector Filter - Merge","hd":false},{"ty":"fl","c":{"a":0,"k":[0,0,0,1],"ix":4},"o":{"a":1,"k":[{"i":{"x":[0.833],"y":[0.833]},"o":{"x":[0.167],"y":[0.167]},"t":62,"s":[0]},{"t":63.0000025660426,"s":[100]}],"ix":5},"r":1,"bm":0,"nm":"Fill 1","mn":"ADBE Vector Graphic - Fill","hd":false},{"ty":"tr","p":{"a":0,"k":[278.744,539.807],"ix":2},"a":{"a":0,"k":[0,0],"ix":1},"s":{"a":0,"k":[100,100],"ix":3},"r":{"a":0,"k":0,"ix":6},"o":{"a":0,"k":100,"ix":7},"sk":{"a":0,"k":0,"ix":4},"sa":{"a":0,"k":0,"ix":5},"nm":"Transform"}],"nm":"Group 17","np":4,"cix":2,"bm":0,"ix":7,"mn":"ADBE Vector Group","hd":false}],"ip":52.0000021180034,"op":142.000005783779,"st":52.0000021180034,"bm":0},{"ddd":0,"ind":2,"ty":4,"nm":"L&R StackedDM RGB-K Outlines 4","sr":1,"ks":{"o":{"a":0,"k":100,"ix":11},"r":{"a":0,"k":0,"ix":10},"p":{"a":0,"k":[776,169,0],"ix":2,"x":"var $bm_rt;\nvar e, g, nMax, n, n, t, v, vl, vu, vu, tCur, segDur, tNext, nb, delta;\ne = 0.3;\ng = 5000;\nnMax = 9;\n$bm_rt = n = 0;\nif (numKeys > 0) {\n    $bm_rt = n = nearestKey(time).index;\n    if (key(n).time > time)\n        n--;\n}\nif (n > 0) {\n    t = $bm_sub(time, key(n).time);\n    v = $bm_mul($bm_neg(velocityAtTime($bm_sub(key(n).time, 0.001))), e);\n    vl = length(v);\n    if ($bm_isInstanceOfArray(value)) {\n        vu = vl > 0 ? normalize(v) : [\n            0,\n            0,\n            0\n        ];\n    } else {\n        vu = v < 0 ? -1 : 1;\n    }\n    tCur = 0;\n    segDur = $bm_div($bm_mul(2, vl), g);\n    tNext = segDur;\n    nb = 1;\n    while (tNext < t && nb <= nMax) {\n        vl *= e;\n        segDur *= e;\n        tCur = tNext;\n        tNext = $bm_sum(tNext, segDur);\n        nb++;\n    }\n    if (nb <= nMax) {\n        delta = $bm_sub(t, tCur);\n        $bm_rt = $bm_sum(value, $bm_mul($bm_mul(vu, delta), $bm_sub(vl, $bm_div($bm_mul(g, delta), 2))));\n    } else {\n        $bm_rt = value;\n    }\n} else\n    $bm_rt = value;","l":2},"a":{"a":0,"k":[960,540,0],"ix":1,"l":2},"s":{"a":0,"k":[100,100,100],"ix":6,"l":2}},"ao":0,"shapes":[{"ty":"gr","it":[{"ind":0,"ty":"sh","ix":1,"ks":{"a":0,"k":{"i":[[0,0],[1.226,-1.225],[1.634,0],[0,0],[1.226,1.225],[0,1.367],[0,0],[7.896,-2.72],[6.261,0],[9.255,3.536],[6.67,6.403],[3.676,8.577],[0,10.077],[0,0],[-3.676,8.578],[-6.677,6.402],[-9.262,3.542],[-10.895,0],[-9.127,-3.537],[-6.677,-6.396],[-3.816,-8.58],[0,-10.072],[0,0],[1.633,-1.636],[2.176,0],[0,0],[1.633,1.633],[0,2.183],[0,0],[5.444,4.086],[6.261,0],[5.579,-4.084],[0,-9.803],[0,0],[-5.585,-4.219],[-6.268,0],[-5.452,4.226],[0,9.803],[0,0],[0,0],[0.678,0.817],[0.267,0.817],[0,0],[-2.182,0],[0,0],[-0.41,-0.543],[-0.275,-0.542],[0,0]],"o":[[0,1.367],[-1.224,1.225],[0,0],[-1.366,0],[-1.225,-1.225],[0,0],[-5.994,6.268],[-7.902,2.719],[-10.895,0],[-9.262,-3.538],[-6.677,-6.395],[-3.676,-8.58],[0,0],[0,-10.072],[3.676,-8.58],[6.67,-6.396],[9.255,-3.537],[10.621,0],[9.121,3.542],[6.67,6.402],[3.811,8.578],[0,0],[0,2.183],[-1.634,1.633],[0,0],[-2.182,0],[-1.634,-1.636],[0,0],[0,-9.803],[-5.452,-4.084],[-6.268,0],[-5.585,4.086],[0,0],[0,9.803],[5.579,4.226],[6.261,0],[5.444,-4.219],[0,0],[0,0],[-0.549,0],[-0.682,-0.817],[0,0],[0,-1.903],[0,0],[0.542,0],[0.408,0.548],[0,0],[0,0]],"v":[[74.96,120.508],[73.121,124.388],[68.832,126.227],[47.998,126.227],[44.118,124.388],[42.28,120.508],[42.28,111.521],[21.446,125.002],[0.204,129.086],[-30.024,123.776],[-53.922,108.865],[-69.445,86.399],[-74.96,58.417],[-74.96,-58.414],[-69.445,-86.397],[-53.922,-108.866],[-30.024,-123.773],[0.204,-129.086],[29.82,-123.773],[53.514,-108.866],[69.24,-86.397],[74.96,-58.414],[74.96,-53.922],[72.509,-48.201],[66.79,-45.752],[34.109,-45.752],[28.391,-48.201],[25.939,-53.922],[25.939,-61.276],[17.77,-82.108],[0.204,-88.236],[-17.566,-82.108],[-25.939,-61.276],[-25.939,60.867],[-17.566,81.904],[0.204,88.237],[17.77,81.904],[25.939,60.867],[25.939,21.242],[6.74,21.242],[4.901,20.016],[3.473,17.565],[3.473,-11.438],[6.74,-14.297],[72.509,-14.297],[73.939,-13.479],[74.96,-11.846],[74.96,116.831]],"c":true},"ix":2},"nm":"Path 1","mn":"ADBE Vector Shape - Group","hd":false},{"ty":"fl","c":{"a":0,"k":[0,0,0,1],"ix":4},"o":{"a":1,"k":[{"i":{"x":[0.833],"y":[0.833]},"o":{"x":[0.167],"y":[0.167]},"t":92,"s":[0]},{"t":93.0000037879676,"s":[100]}],"ix":5},"r":1,"bm":0,"nm":"Fill 1","mn":"ADBE Vector Graphic - Fill","hd":false},{"ty":"tr","p":{"a":0,"k":[1550.892,822.454],"ix":2},"a":{"a":0,"k":[0,0],"ix":1},"s":{"a":0,"k":[100,100],"ix":3},"r":{"a":0,"k":0,"ix":6},"o":{"a":0,"k":100,"ix":7},"sk":{"a":0,"k":0,"ix":4},"sa":{"a":0,"k":0,"ix":5},"nm":"Transform"}],"nm":"Group 2","np":2,"cix":2,"bm":0,"ix":1,"mn":"ADBE Vector Group","hd":false},{"ty":"gr","it":[{"ind":0,"ty":"sh","ix":1,"ks":{"a":0,"k":{"i":[[0,0],[0,0],[-1.635,1.501],[-2.183,0],[0,0],[-1.634,-1.494],[0,-2.177],[0,0],[1.633,-1.494],[2.176,0],[0,0],[1.359,1.226],[0.542,1.634],[0,0],[0,0],[1.634,-1.494],[2.178,0],[0,0],[1.634,1.501],[0,2.185],[0,0],[-1.635,1.501],[-2.182,0],[0,0],[-1.366,-1.226],[-0.55,-1.635]],"o":[[0,0],[0,-2.177],[1.633,-1.494],[0,0],[2.176,0],[1.633,1.501],[0,0],[0,2.185],[-1.634,1.501],[0,0],[-2.184,0],[-1.366,-1.225],[0,0],[0,0],[0,2.185],[-1.635,1.501],[0,0],[-2.182,0],[-1.635,-1.494],[0,0],[0,-2.177],[1.634,-1.494],[0,0],[2.176,0],[1.359,1.225],[0,0]],"v":[[24.917,-2.859],[24.917,-118.465],[27.369,-123.98],[33.087,-126.227],[65.768,-126.227],[71.487,-123.98],[73.938,-118.465],[73.938,118.464],[71.487,123.98],[65.768,126.227],[36.765,126.227],[31.454,124.387],[28.595,120.099],[-24.92,4.902],[-24.92,118.464],[-27.37,123.98],[-33.09,126.227],[-65.77,126.227],[-71.488,123.98],[-73.939,118.464],[-73.939,-118.465],[-71.488,-123.98],[-65.77,-126.227],[-36.766,-126.227],[-31.455,-124.388],[-28.596,-120.098]],"c":true},"ix":2},"nm":"Path 1","mn":"ADBE Vector Shape - Group","hd":false},{"ty":"fl","c":{"a":0,"k":[0,0,0,1],"ix":4},"o":{"a":1,"k":[{"i":{"x":[0.833],"y":[0.833]},"o":{"x":[0.167],"y":[0.167]},"t":90,"s":[0]},{"t":91.000003706506,"s":[100]}],"ix":5},"r":1,"bm":0,"nm":"Fill 1","mn":"ADBE Vector Graphic - Fill","hd":false},{"ty":"tr","p":{"a":0,"k":[1377.669,822.455],"ix":2},"a":{"a":0,"k":[0,0],"ix":1},"s":{"a":0,"k":[100,100],"ix":3},"r":{"a":0,"k":0,"ix":6},"o":{"a":0,"k":100,"ix":7},"sk":{"a":0,"k":0,"ix":4},"sa":{"a":0,"k":0,"ix":5},"nm":"Transform"}],"nm":"Group 3","np":2,"cix":2,"bm":0,"ix":2,"mn":"ADBE Vector Group","hd":false},{"ty":"gr","it":[{"ind":0,"ty":"sh","ix":1,"ks":{"a":0,"k":{"i":[[0,0],[1.635,-1.495],[2.177,0],[0,0],[1.634,1.501],[0,2.185],[0,0],[-1.634,1.501],[-2.182,0],[0,0],[-1.634,-1.494],[0,-2.176]],"o":[[0,2.185],[-1.634,1.501],[0,0],[-2.182,0],[-1.634,-1.495],[0,0],[0,-2.176],[1.634,-1.494],[0,0],[2.177,0],[1.635,1.501],[0,0]],"v":[[24.51,118.464],[22.059,123.98],[16.34,126.227],[-16.34,126.227],[-22.059,123.98],[-24.51,118.464],[-24.51,-118.466],[-22.059,-123.98],[-16.34,-126.227],[16.34,-126.227],[22.059,-123.98],[24.51,-118.466]],"c":true},"ix":2},"nm":"Path 1","mn":"ADBE Vector Shape - Group","hd":false},{"ty":"fl","c":{"a":0,"k":[0,0,0,1],"ix":4},"o":{"a":1,"k":[{"i":{"x":[0.833],"y":[0.833]},"o":{"x":[0.167],"y":[0.167]},"t":88,"s":[0]},{"t":89.0000036250443,"s":[100]}],"ix":5},"r":1,"bm":0,"nm":"Fill 1","mn":"ADBE Vector Graphic - Fill","hd":false},{"ty":"tr","p":{"a":0,"k":[1251.024,822.455],"ix":2},"a":{"a":0,"k":[0,0],"ix":1},"s":{"a":0,"k":[100,100],"ix":3},"r":{"a":0,"k":0,"ix":6},"o":{"a":0,"k":100,"ix":7},"sk":{"a":0,"k":0,"ix":4},"sa":{"a":0,"k":0,"ix":5},"nm":"Transform"}],"nm":"Group 4","np":2,"cix":2,"bm":0,"ix":3,"mn":"ADBE Vector Group","hd":false},{"ty":"gr","it":[{"ind":0,"ty":"sh","ix":1,"ks":{"a":0,"k":{"i":[[0,0],[0,0],[1.494,1.634],[0,2.183],[0,0],[-1.5,1.632],[-2.183,0],[0,0],[-1.499,-1.636],[0,-2.176],[0,0],[1.493,-1.635],[2.177,0],[0,0],[0,0],[1.634,-1.494],[2.175,0],[0,0],[1.633,1.501],[0,2.184]],"o":[[0,0],[-2.183,0],[-1.5,-1.635],[0,0],[0,-2.176],[1.494,-1.636],[0,0],[2.177,0],[1.493,1.632],[0,0],[0,2.183],[-1.499,1.634],[0,0],[0,0],[0,2.184],[-1.633,1.501],[0,0],[-2.183,0],[-1.635,-1.494],[0,0]],"v":[[-24.51,-85.375],[-58.824,-85.375],[-64.339,-87.826],[-66.586,-93.545],[-66.586,-118.055],[-64.339,-123.773],[-58.824,-126.227],[58.823,-126.227],[64.339,-123.773],[66.585,-118.055],[66.585,-93.545],[64.339,-87.826],[58.823,-85.375],[24.51,-85.375],[24.51,118.464],[22.058,123.979],[16.34,126.228],[-16.341,126.228],[-22.059,123.979],[-24.51,118.464]],"c":true},"ix":2},"nm":"Path 1","mn":"ADBE Vector Shape - Group","hd":false},{"ty":"fl","c":{"a":0,"k":[0,0,0,1],"ix":4},"o":{"a":1,"k":[{"i":{"x":[0.833],"y":[0.833]},"o":{"x":[0.167],"y":[0.167]},"t":86,"s":[0]},{"t":87.0000035435826,"s":[100]}],"ix":5},"r":1,"bm":0,"nm":"Fill 1","mn":"ADBE Vector Graphic - Fill","hd":false},{"ty":"tr","p":{"a":0,"k":[1140.326,822.455],"ix":2},"a":{"a":0,"k":[0,0],"ix":1},"s":{"a":0,"k":[100,100],"ix":3},"r":{"a":0,"k":0,"ix":6},"o":{"a":0,"k":100,"ix":7},"sk":{"a":0,"k":0,"ix":4},"sa":{"a":0,"k":0,"ix":5},"nm":"Transform"}],"nm":"Group 5","np":2,"cix":2,"bm":0,"ix":4,"mn":"ADBE Vector Group","hd":false},{"ty":"gr","it":[{"ind":0,"ty":"sh","ix":1,"ks":{"a":0,"k":{"i":[[0,0],[-1.634,1.501],[-2.183,0],[0,0],[-1.5,-1.635],[0,-2.177],[0,0],[1.494,-1.635],[2.177,0],[0,0],[0,0],[0,0],[-1.5,-1.634],[0,-2.176],[0,0],[1.494,-1.633],[2.178,0],[0,0],[0,0],[0,0],[-1.5,-1.633],[0,-2.178],[0,0],[1.494,-1.635],[2.177,0],[0,0],[1.634,1.501],[0,2.184]],"o":[[0,-2.177],[1.634,-1.494],[0,0],[2.177,0],[1.494,1.633],[0,0],[0,2.183],[-1.5,1.633],[0,0],[0,0],[0,0],[2.178,0],[1.494,1.633],[0,0],[0,2.183],[-1.5,1.634],[0,0],[0,0],[0,0],[2.177,0],[1.494,1.634],[0,0],[0,2.182],[-1.5,1.633],[0,0],[-2.183,0],[-1.634,-1.494],[0,0]],"v":[[-60.254,-118.465],[-57.803,-123.98],[-52.084,-126.227],[52.492,-126.227],[58.007,-123.774],[60.254,-118.055],[60.254,-93.545],[58.007,-87.826],[52.492,-85.375],[-11.234,-85.375],[-11.234,-13.071],[33.292,-13.071],[38.808,-10.62],[41.055,-4.902],[41.055,19.608],[38.808,25.327],[33.292,27.778],[-11.234,27.778],[-11.234,85.378],[52.492,85.378],[58.007,87.828],[60.254,93.548],[60.254,118.057],[58.007,123.776],[52.492,126.227],[-52.084,126.227],[-57.803,123.98],[-60.254,118.465]],"c":true},"ix":2},"nm":"Path 1","mn":"ADBE Vector Shape - Group","hd":false},{"ty":"fl","c":{"a":0,"k":[0,0,0,1],"ix":4},"o":{"a":1,"k":[{"i":{"x":[0.833],"y":[0.833]},"o":{"x":[0.167],"y":[0.167]},"t":84,"s":[0]},{"t":85.000003462121,"s":[100]}],"ix":5},"r":1,"bm":0,"nm":"Fill 1","mn":"ADBE Vector Graphic - Fill","hd":false},{"ty":"tr","p":{"a":0,"k":[997.97,822.454],"ix":2},"a":{"a":0,"k":[0,0],"ix":1},"s":{"a":0,"k":[100,100],"ix":3},"r":{"a":0,"k":0,"ix":6},"o":{"a":0,"k":100,"ix":7},"sk":{"a":0,"k":0,"ix":4},"sa":{"a":0,"k":0,"ix":5},"nm":"Transform"}],"nm":"Group 6","np":2,"cix":2,"bm":0,"ix":5,"mn":"ADBE Vector Group","hd":false},{"ty":"gr","it":[{"ind":0,"ty":"sh","ix":1,"ks":{"a":0,"k":{"i":[[0,0],[0,0],[0,0],[1.635,-1.494],[2.177,0],[0,0],[1.634,1.501],[0,2.185],[0,0],[-1.635,1.501],[-2.183,0],[0,0],[-1.634,-1.494],[0,-2.176],[0,0],[0,0],[-1.226,1.501],[-2.183,0],[0,0],[-1.635,-1.494],[0,-2.176],[0,0],[0,0],[1.634,-1.494],[2.177,0],[0,0],[1.225,1.501],[0.817,2.185]],"o":[[0,0],[0,0],[0,2.185],[-1.634,1.501],[0,0],[-2.183,0],[-1.635,-1.494],[0,0],[0,-2.176],[1.634,-1.494],[0,0],[2.177,0],[1.635,1.501],[0,0],[0,0],[0.817,-2.176],[1.225,-1.494],[0,0],[2.177,0],[1.633,1.501],[0,0],[0,0],[0,2.185],[-1.634,1.501],[0,0],[-2.182,0],[-1.225,-1.494],[0,0]],"v":[[-6.332,35.132],[-28.391,83.741],[-28.391,118.464],[-30.842,123.98],[-36.561,126.227],[-69.24,126.227],[-74.959,123.98],[-77.41,118.464],[-77.41,-118.466],[-74.959,-123.98],[-69.24,-126.227],[-36.561,-126.227],[-30.842,-123.98],[-28.391,-118.466],[-28.391,-18.384],[19.404,-118.466],[22.468,-123.98],[27.573,-126.227],[65.156,-126.227],[70.875,-123.98],[73.326,-118.466],[25.531,-18.384],[77.411,118.464],[74.96,123.98],[69.241,126.227],[32.883,126.227],[27.778,123.98],[24.714,118.464]],"c":true},"ix":2},"nm":"Path 1","mn":"ADBE Vector Shape - Group","hd":false},{"ty":"fl","c":{"a":0,"k":[0,0,0,1],"ix":4},"o":{"a":1,"k":[{"i":{"x":[0.833],"y":[0.833]},"o":{"x":[0.167],"y":[0.167]},"t":82,"s":[0]},{"t":83.0000033806593,"s":[100]}],"ix":5},"r":1,"bm":0,"nm":"Fill 1","mn":"ADBE Vector Graphic - Fill","hd":false},{"ty":"tr","p":{"a":0,"k":[842.531,822.455],"ix":2},"a":{"a":0,"k":[0,0],"ix":1},"s":{"a":0,"k":[100,100],"ix":3},"r":{"a":0,"k":0,"ix":6},"o":{"a":0,"k":100,"ix":7},"sk":{"a":0,"k":0,"ix":4},"sa":{"a":0,"k":0,"ix":5},"nm":"Transform"}],"nm":"Group 7","np":2,"cix":2,"bm":0,"ix":6,"mn":"ADBE Vector Group","hd":false},{"ty":"gr","it":[{"ind":0,"ty":"sh","ix":1,"ks":{"a":0,"k":{"i":[[0,0],[0,0],[-5.585,5.45],[0,10.354],[0,0],[5.579,5.31],[6.261,0],[0,0]],"o":[[0,0],[6.261,0],[5.579,-5.445],[0,0],[0,-10.346],[-5.585,-5.311],[0,0],[0,0]],"v":[[-24.51,7.762],[-1.225,7.762],[16.544,-0.408],[24.919,-24.102],[24.919,-53.922],[16.544,-77.41],[-1.225,-85.376],[-24.51,-85.376]],"c":true},"ix":2},"nm":"Path 1","mn":"ADBE Vector Shape - Group","hd":false},{"ind":1,"ty":"sh","ix":2,"ks":{"a":0,"k":{"i":[[0,0],[5.444,-9.53],[8.712,-5.989],[0,0],[1.768,-1.635],[2.176,0],[0,0],[1.225,1.632],[0.817,1.909],[0,0],[0,0],[0,0],[1.634,-1.635],[2.177,0],[0,0],[1.634,1.632],[0,1.909],[0,0],[-1.634,1.501],[-2.182,0],[0,0],[-8.853,-3.129],[-6.81,-6.127],[-4.227,-8.846],[0,-11.438]],"o":[[0,12.803],[-5.451,9.535],[0,0],[0,1.909],[-1.774,1.632],[0,0],[-2.451,0],[-1.226,-1.635],[0,0],[0,0],[0,0],[0,1.909],[-1.634,1.632],[0,0],[-2.182,0],[-1.634,-1.635],[0,0],[0,-1.901],[1.634,-1.494],[0,0],[9.529,0],[8.846,3.133],[6.804,6.129],[4.218,8.854],[0,0]],"v":[[73.53,-22.467],[65.36,11.03],[44.118,34.315],[71.897,118.464],[69.241,123.776],[63.318,126.227],[32.68,126.227],[27.166,123.776],[24.102,118.464],[2.043,48.203],[-24.51,48.203],[-24.51,118.464],[-26.961,123.776],[-32.68,126.227],[-65.36,126.227],[-71.079,123.776],[-73.53,118.464],[-73.53,-118.873],[-71.079,-123.98],[-65.36,-126.227],[-0.408,-126.227],[27.166,-121.528],[50.654,-107.64],[67.199,-85.172],[73.53,-54.739]],"c":true},"ix":2},"nm":"Path 2","mn":"ADBE Vector Shape - Group","hd":false},{"ty":"mm","mm":1,"nm":"Merge Paths 1","mn":"ADBE Vector Filter - Merge","hd":false},{"ty":"fl","c":{"a":0,"k":[0,0,0,1],"ix":4},"o":{"a":1,"k":[{"i":{"x":[0.833],"y":[0.833]},"o":{"x":[0.167],"y":[0.167]},"t":80,"s":[0]},{"t":81.0000032991976,"s":[100]}],"ix":5},"r":1,"bm":0,"nm":"Fill 1","mn":"ADBE Vector Graphic - Fill","hd":false},{"ty":"tr","p":{"a":0,"k":[667.9,822.455],"ix":2},"a":{"a":0,"k":[0,0],"ix":1},"s":{"a":0,"k":[100,100],"ix":3},"r":{"a":0,"k":0,"ix":6},"o":{"a":0,"k":100,"ix":7},"sk":{"a":0,"k":0,"ix":4},"sa":{"a":0,"k":0,"ix":5},"nm":"Transform"}],"nm":"Group 8","np":4,"cix":2,"bm":0,"ix":7,"mn":"ADBE Vector Group","hd":false},{"ty":"gr","it":[{"ind":0,"ty":"sh","ix":1,"ks":{"a":0,"k":{"i":[[0,0],[0,0],[0,0]],"o":[[0,0],[0,0],[0,0]],"v":[[0,-46.977],[-20.425,53.513],[20.425,53.513]],"c":true},"ix":2},"nm":"Path 1","mn":"ADBE Vector Shape - Group","hd":false},{"ind":1,"ty":"sh","ix":2,"ks":{"a":0,"k":{"i":[[0,0],[-1.366,-1.494],[-0.548,-2.177],[0,0],[1.633,-1.494],[2.176,0],[0,0],[1.359,1.501],[0.543,2.185],[0,0],[0,0],[0,0],[1.36,-1.494],[2.176,0],[0,0],[1.634,1.501],[0,2.185],[0,0],[-1.366,1.501],[-2.183,0]],"o":[[2.178,0],[1.359,1.501],[0,0],[0,2.185],[-1.634,1.501],[0,0],[-2.182,0],[-1.366,-1.494],[0,0],[0,0],[0,0],[-0.549,2.185],[-1.366,1.501],[0,0],[-2.183,0],[-1.634,-1.494],[0,0],[0.543,-2.177],[1.36,-1.494],[0,0]],"v":[[22.875,-126.227],[28.186,-123.98],[31.045,-118.465],[84.151,118.464],[81.7,123.98],[75.981,126.227],[43.709,126.227],[38.399,123.98],[35.539,118.464],[30.229,93.955],[-30.229,93.955],[-35.539,118.464],[-38.399,123.98],[-43.709,126.227],[-75.981,126.227],[-81.7,123.98],[-84.151,118.464],[-31.046,-118.465],[-28.187,-123.98],[-22.876,-126.227]],"c":true},"ix":2},"nm":"Path 2","mn":"ADBE Vector Shape - Group","hd":false},{"ty":"mm","mm":1,"nm":"Merge Paths 1","mn":"ADBE Vector Filter - Merge","hd":false},{"ty":"fl","c":{"a":0,"k":[0,0,0,1],"ix":4},"o":{"a":1,"k":[{"i":{"x":[0.833],"y":[0.833]},"o":{"x":[0.167],"y":[0.167]},"t":78,"s":[0]},{"t":79.000003217736,"s":[100]}],"ix":5},"r":1,"bm":0,"nm":"Fill 1","mn":"ADBE Vector Graphic - Fill","hd":false},{"ty":"tr","p":{"a":0,"k":[492.448,822.455],"ix":2},"a":{"a":0,"k":[0,0],"ix":1},"s":{"a":0,"k":[100,100],"ix":3},"r":{"a":0,"k":0,"ix":6},"o":{"a":0,"k":100,"ix":7},"sk":{"a":0,"k":0,"ix":4},"sa":{"a":0,"k":0,"ix":5},"nm":"Transform"}],"nm":"Group 9","np":4,"cix":2,"bm":0,"ix":8,"mn":"ADBE Vector Group","hd":false},{"ty":"gr","it":[{"ind":0,"ty":"sh","ix":1,"ks":{"a":0,"k":{"i":[[0,0],[0.818,0.957],[0.543,1.091],[0,0],[0,0],[1.634,-1.494],[2.177,0],[0,0],[1.634,1.501],[0,2.185],[0,0],[-1.634,1.501],[-2.182,0],[0,0],[-1.366,-1.226],[-0.548,-1.635],[0,0],[0,0],[-1.366,1.225],[-2.183,0],[0,0],[-1.633,-1.494],[0,-2.176],[0,0],[1.634,-1.494],[2.176,0],[0,0],[1.634,1.501],[0,2.185],[0,0],[0,0],[0.816,-0.952],[1.085,0]],"o":[[-1.091,0],[-0.816,-0.952],[0,0],[0,0],[0,2.185],[-1.634,1.501],[0,0],[-2.182,0],[-1.634,-1.494],[0,0],[0,-2.176],[1.634,-1.494],[0,0],[2.177,0],[1.359,1.225],[0,0],[0,0],[0.542,-1.635],[1.359,-1.226],[0,0],[2.176,0],[1.634,1.501],[0,0],[0,2.185],[-1.633,1.501],[0,0],[-2.183,0],[-1.633,-1.494],[0,0],[0,0],[-0.55,1.091],[-0.817,0.957],[0,0]],"v":[[-7.762,70.262],[-10.622,68.833],[-12.664,65.769],[-43.71,-15.93],[-43.71,118.464],[-46.161,123.98],[-51.88,126.227],[-84.56,126.227],[-90.279,123.98],[-92.73,118.464],[-92.73,-118.466],[-90.279,-123.98],[-84.56,-126.227],[-45.344,-126.227],[-40.033,-124.388],[-37.174,-120.098],[0,-18.384],[37.174,-120.098],[40.033,-124.388],[45.343,-126.227],[84.56,-126.227],[90.278,-123.98],[92.73,-118.466],[92.73,118.464],[90.278,123.98],[84.56,126.227],[51.879,126.227],[46.16,123.98],[43.709,118.464],[43.709,-15.93],[12.664,65.769],[10.621,68.833],[7.761,70.262]],"c":true},"ix":2},"nm":"Path 1","mn":"ADBE Vector Shape - Group","hd":false},{"ty":"fl","c":{"a":0,"k":[0,0,0,1],"ix":4},"o":{"a":1,"k":[{"i":{"x":[0.833],"y":[0.833]},"o":{"x":[0.167],"y":[0.167]},"t":76,"s":[0]},{"t":77.0000031362743,"s":[100]}],"ix":5},"r":1,"bm":0,"nm":"Fill 1","mn":"ADBE Vector Graphic - Fill","hd":false},{"ty":"tr","p":{"a":0,"k":[297.795,822.455],"ix":2},"a":{"a":0,"k":[0,0],"ix":1},"s":{"a":0,"k":[100,100],"ix":3},"r":{"a":0,"k":0,"ix":6},"o":{"a":0,"k":100,"ix":7},"sk":{"a":0,"k":0,"ix":4},"sa":{"a":0,"k":0,"ix":5},"nm":"Transform"}],"nm":"Group 10","np":2,"cix":2,"bm":0,"ix":9,"mn":"ADBE Vector Group","hd":false}],"ip":52.0000021180034,"op":142.000005783779,"st":52.0000021180034,"bm":0},{"ddd":0,"ind":3,"ty":4,"nm":"Shape Layer 6","td":1,"sr":1,"ks":{"o":{"a":0,"k":100,"ix":11},"r":{"a":0,"k":0,"ix":10},"p":{"a":0,"k":[960,540,0],"ix":2,"l":2},"a":{"a":0,"k":[0,0,0],"ix":1,"l":2},"s":{"a":0,"k":[100,100,100],"ix":6,"l":2}},"ao":0,"shapes":[{"ty":"gr","it":[{"ty":"rc","d":1,"s":{"a":0,"k":[908.781,612.391],"ix":2},"p":{"a":0,"k":[0,0],"ix":3},"r":{"a":0,"k":0,"ix":4},"nm":"Rectangle Path 1","mn":"ADBE Vector Shape - Rect","hd":false},{"ty":"fl","c":{"a":0,"k":[0.955299945906,0.032838002373,0.032838002373,1],"ix":4},"o":{"a":0,"k":100,"ix":5},"r":1,"bm":0,"nm":"Fill 1","mn":"ADBE Vector Graphic - Fill","hd":false},{"ty":"tr","p":{"a":0,"k":[-509.609,-235.805],"ix":2},"a":{"a":0,"k":[0,0],"ix":1},"s":{"a":0,"k":[100,100],"ix":3},"r":{"a":0,"k":0,"ix":6},"o":{"a":0,"k":100,"ix":7},"sk":{"a":0,"k":0,"ix":4},"sa":{"a":0,"k":0,"ix":5},"nm":"Transform"}],"nm":"Rectangle 1","np":3,"cix":2,"bm":0,"ix":1,"mn":"ADBE Vector Group","hd":false}],"ip":0,"op":60.0000024438501,"st":-120.0000048877,"bm":0},{"ddd":0,"ind":4,"ty":4,"nm":"L&F Stacked RGB-K Outlines 7","tt":1,"sr":1,"ks":{"o":{"a":0,"k":100,"ix":11},"r":{"a":0,"k":0,"ix":10},"p":{"a":1,"k":[{"i":{"x":0.833,"y":0.833},"o":{"x":0.333,"y":0},"t":0,"s":[20,-260,0],"to":[0,50,0],"ti":[0,-50,0]},{"t":5.00000020365417,"s":[20,40,0]}],"ix":2,"x":"var $bm_rt;\nvar e, g, nMax, n, n, t, v, vl, vu, vu, tCur, segDur, tNext, nb, delta;\ne = 0.2;\ng = 5000;\nnMax = 9;\n$bm_rt = n = 0;\nif (numKeys > 0) {\n    $bm_rt = n = nearestKey(time).index;\n    if (key(n).time > time)\n        n--;\n}\nif (n > 0) {\n    t = $bm_sub(time, key(n).time);\n    v = $bm_mul($bm_neg(velocityAtTime($bm_sub(key(n).time, 0.001))), e);\n    vl = length(v);\n    if ($bm_isInstanceOfArray(value)) {\n        vu = vl > 0 ? normalize(v) : [\n            0,\n            0,\n            0\n        ];\n    } else {\n        vu = v < 0 ? -1 : 1;\n    }\n    tCur = 0;\n    segDur = $bm_div($bm_mul(2, vl), g);\n    tNext = segDur;\n    nb = 1;\n    while (tNext < t && nb <= nMax) {\n        vl *= e;\n        segDur *= e;\n        tCur = tNext;\n        tNext = $bm_sum(tNext, segDur);\n        nb++;\n    }\n    if (nb <= nMax) {\n        delta = $bm_sub(t, tCur);\n        $bm_rt = $bm_sum(value, $bm_mul($bm_mul(vu, delta), $bm_sub(vl, $bm_div($bm_mul(g, delta), 2))));\n    } else {\n        $bm_rt = value;\n    }\n} else\n    $bm_rt = value;","l":2},"a":{"a":0,"k":[0,0,0],"ix":1,"l":2},"s":{"a":0,"k":[100,100,100],"ix":6,"l":2}},"ao":0,"shapes":[{"ty":"gr","it":[{"ind":0,"ty":"sh","ix":1,"ks":{"a":0,"k":{"i":[[6.095,0],[0,15.565],[-7.441,7.994],[0,0]],"o":[[-9.78,0],[0,-7.453],[0,0],[-5.505,5.18]],"v":[[-14.489,61.666],[-34.723,40.557],[-22.913,16.49],[3.082,53.1]],"c":true},"ix":2},"nm":"Path 1","mn":"ADBE Vector Shape - Group","hd":false},{"ind":1,"ty":"sh","ix":2,"ks":{"a":0,"k":{"i":[[0.089,0.441],[0.48,0.726],[0,0],[0,0],[-2.459,11.048],[-0.003,0.016],[0,0.644],[0.089,0.496],[3.407,0],[0,0],[0.017,0],[0.02,0],[0.913,-3.137],[0,-0.002],[0.004,-0.017],[0.004,-0.016],[2.523,-5.525],[0,0],[0,0],[0,3.229],[-9.673,0],[-2.13,-7.288],[0,0],[-2.955,0],[0,0],[0,4.317],[0.089,0.496],[0.001,0.006],[0,0.001],[25.822,0],[0,-29.018],[-5.23,-8.356],[0,0],[0,-18.485],[-32.055,0],[-10.673,8.859],[0,0],[0,0],[-2.231,0],[0,0],[0,3.836]],"o":[[-0.177,-0.88],[0,0],[0,0],[9.2,-15.356],[0.004,-0.017],[0.132,-0.599],[0,-0.525],[-0.641,-3.582],[0,0],[-0.017,0],[-0.02,0],[-3.122,0],[-0.001,0.002],[-0.005,0.017],[-0.005,0.015],[-1.101,4.007],[0,0],[0,0],[-1.659,-2.724],[0,-9.671],[7.969,0],[0,0],[1.036,2.877],[0,0],[3.878,0],[0,-0.525],[-0.001,-0.006],[0,0],[-4.433,-24.563],[-29.02,0],[0,9.896],[0,0],[-16.767,15.673],[0,32.562],[14.741,0],[0,0],[0,0],[1.287,1.806],[0.037,0],[3.878,0],[0,-0.466]],"v":[[69.674,87.303],[68.659,84.887],[68.664,84.859],[46.807,54.078],[64.298,11.432],[64.302,11.384],[64.511,9.518],[64.376,7.984],[57.489,1.702],[36.295,1.702],[36.249,1.705],[36.189,1.702],[29.51,7.109],[29.506,7.115],[29.491,7.167],[29.478,7.213],[23.951,21.892],[-12.198,-29.014],[-16.218,-35.032],[-18.753,-44.127],[-1.212,-61.667],[15.629,-49.039],[15.63,-49.038],[22.146,-44.127],[43.697,-44.127],[50.719,-51.943],[50.584,-53.477],[50.58,-53.496],[50.581,-53.499],[-1.212,-96.754],[-53.841,-44.127],[-45.846,-16.229],[-43.427,-12.601],[-69.81,40.557],[-14.489,96.754],[23.629,82.037],[31.16,92.643],[31.167,92.644],[36.669,95.612],[62.787,95.612],[69.81,88.666]],"c":true},"ix":2},"nm":"Path 2","mn":"ADBE Vector Shape - Group","hd":false},{"ty":"mm","mm":1,"nm":"Merge Paths 1","mn":"ADBE Vector Filter - Merge","hd":false},{"ty":"mm","mm":4,"nm":"Merge Paths 2","mn":"ADBE Vector Filter - Merge","hd":false},{"ty":"fl","c":{"a":0,"k":[0.00521627127,0.006204414368,0.011134693669,1],"ix":4},"o":{"a":0,"k":100,"ix":5},"r":1,"bm":0,"nm":"Fill 1","mn":"ADBE Vector Graphic - Fill","hd":false},{"ty":"tr","p":{"a":0,"k":[588.936,97.042],"ix":2},"a":{"a":0,"k":[0,0],"ix":1},"s":{"a":0,"k":[100,100],"ix":3},"r":{"a":0,"k":0,"ix":6},"o":{"a":0,"k":100,"ix":7},"sk":{"a":0,"k":0,"ix":4},"sa":{"a":0,"k":0,"ix":5},"nm":"Transform"}],"nm":"Group 1","np":5,"cix":2,"bm":0,"ix":1,"mn":"ADBE Vector Group","hd":false},{"ty":"gr","it":[{"ind":0,"ty":"sh","ix":1,"ks":{"a":0,"k":{"i":[[1.491,1.63],[2.174,0],[0,0],[1.499,-1.632],[0,-2.174],[0,0],[-1.491,-1.629],[-2.172,0],[0,0],[-1.499,1.632],[0,2.18],[0,0]],"o":[[-1.499,-1.632],[0,0],[-2.172,0],[-1.491,1.63],[0,0],[0,2.18],[1.499,1.632],[0,0],[2.174,0],[1.491,-1.629],[0,0],[0,-2.174]],"v":[[68.95,-17.946],[63.442,-20.394],[-63.441,-20.394],[-68.948,-17.946],[-71.191,-12.237],[-71.191,12.237],[-68.948,17.946],[-63.441,20.394],[63.442,20.394],[68.95,17.946],[71.192,12.237],[71.192,-12.237]],"c":true},"ix":2},"nm":"Path 1","mn":"ADBE Vector Shape - Group","hd":false},{"ty":"fl","c":{"a":0,"k":[0.00521627127,0.006204414368,0.011134693669,1],"ix":4},"o":{"a":0,"k":100,"ix":5},"r":1,"bm":0,"nm":"Fill 1","mn":"ADBE Vector Graphic - Fill","hd":false},{"ty":"tr","p":{"a":0,"k":[591.824,234.858],"ix":2},"a":{"a":0,"k":[0,0],"ix":1},"s":{"a":0,"k":[100,100],"ix":3},"r":{"a":0,"k":0,"ix":6},"o":{"a":0,"k":100,"ix":7},"sk":{"a":0,"k":0,"ix":4},"sa":{"a":0,"k":0,"ix":5},"nm":"Transform"}],"nm":"Group 2","np":2,"cix":2,"bm":0,"ix":2,"mn":"ADBE Vector Group","hd":false},{"ty":"gr","it":[{"ind":0,"ty":"sh","ix":1,"ks":{"a":0,"k":{"i":[[0,0],[0,0],[1.491,1.632],[0,2.178],[0,0],[-1.496,1.632],[-2.178,0],[0,0],[-1.496,-1.632],[0,-2.174],[0,0],[1.493,-1.632],[2.174,0],[0,0],[0,0],[1.633,-1.493],[2.174,0],[0,0],[1.632,1.497],[0,2.18]],"o":[[0,0],[-2.178,0],[-1.496,-1.632],[0,0],[0,-2.174],[1.491,-1.632],[0,0],[2.174,0],[1.493,1.632],[0,0],[0,2.178],[-1.496,1.632],[0,0],[0,0],[0,2.18],[-1.632,1.497],[0,0],[-2.18,0],[-1.632,-1.493],[0,0]],"v":[[-24.473,-85.248],[-58.736,-85.248],[-64.243,-87.696],[-66.487,-93.405],[-66.487,-117.879],[-64.243,-123.59],[-58.736,-126.039],[58.737,-126.039],[64.242,-123.59],[66.488,-117.879],[66.488,-93.405],[64.242,-87.696],[58.737,-85.248],[24.474,-85.248],[24.474,118.289],[22.026,123.797],[16.316,126.039],[-16.314,126.039],[-22.026,123.797],[-24.473,118.289]],"c":true},"ix":2},"nm":"Path 1","mn":"ADBE Vector Shape - Group","hd":false},{"ty":"fl","c":{"a":0,"k":[0.00521627127,0.006204414368,0.011134693669,1],"ix":4},"o":{"a":0,"k":100,"ix":5},"r":1,"bm":0,"nm":"Fill 1","mn":"ADBE Vector Graphic - Fill","hd":false},{"ty":"tr","p":{"a":0,"k":[432.039,129.213],"ix":2},"a":{"a":0,"k":[0,0],"ix":1},"s":{"a":0,"k":[100,100],"ix":3},"r":{"a":0,"k":0,"ix":6},"o":{"a":0,"k":100,"ix":7},"sk":{"a":0,"k":0,"ix":4},"sa":{"a":0,"k":0,"ix":5},"nm":"Transform"}],"nm":"Group 8","np":2,"cix":2,"bm":0,"ix":3,"mn":"ADBE Vector Group","hd":false},{"ty":"gr","it":[{"ind":0,"ty":"sh","ix":1,"ks":{"a":0,"k":{"i":[[0.542,13.327],[-1.771,1.496],[-2.18,0],[0,0],[-1.499,-1.493],[-0.275,-2.174],[-0.548,-3.672],[-1.906,-3.122],[-3.671,-1.899],[-6.528,0],[-3.403,2.312],[-1.497,3.129],[-0.275,2.855],[0,0.816],[6.658,5.986],[11.421,5.442],[7.75,4.219],[6.253,6.118],[3.938,8.297],[0,11.695],[-1.771,8.157],[-5.17,6.799],[-9.382,4.352],[-15.233,0],[-9.114,-5.028],[-5.169,-7.341],[-1.906,-8.018],[-0.274,-5.711],[1.764,-1.493],[2.174,0],[0,0],[1.49,1.497],[0.268,2.178],[0.816,3.403],[1.629,2.855],[2.855,1.771],[4.346,0],[2.988,-5.438],[0,-6.525],[-2.315,-4.347],[-3.945,-3.396],[-5.17,-2.716],[-5.71,-2.988],[-7.073,-3.939],[-5.712,-5.71],[-3.538,-7.883],[0,-11.421],[4.347,-9.108],[7.067,-5.57],[9.108,-2.445],[9.515,0],[8.7,2.448],[7.202,5.712],[4.487,9.115]],"o":[[0,-2.174],[1.767,-1.493],[0,0],[2.174,0],[1.49,1.496],[0,3.263],[0.54,3.671],[1.9,3.129],[3.67,1.906],[6.251,0],[3.397,-2.307],[1.493,-3.122],[0.267,-2.857],[0,-10.605],[-6.667,-5.977],[-7.343,-3.806],[-7.751,-4.212],[-6.258,-6.119],[-3.945,-8.292],[0,-7.885],[1.765,-8.157],[5.161,-6.795],[9.38,-4.347],[14.951,0],[9.106,5.035],[5.164,7.341],[1.9,8.024],[0,2.178],[-1.774,1.497],[0,0],[-2.18,0],[-1.499,-1.493],[-0.274,-3.264],[-0.816,-3.396],[-1.632,-2.857],[-2.855,-1.767],[-8.707,0],[-2.996,5.442],[0,5.986],[2.307,4.354],[3.938,3.403],[5.161,2.72],[6.795,3.264],[7.068,3.945],[5.709,5.711],[3.529,7.891],[0,13.327],[-4.352,9.112],[-7.075,5.577],[-9.114,2.448],[-8.973,0],[-8.705,-2.445],[-7.208,-5.709],[-4.486,-9.108]],"v":[[-75.665,57.106],[-73.014,51.6],[-67.098,49.355],[-34.467,49.355],[-28.959,51.6],[-26.307,57.106],[-25.492,67.507],[-21.821,77.703],[-13.461,85.25],[1.837,88.105],[16.315,84.638],[23.656,76.48],[26.309,67.507],[26.716,61.999],[16.724,37.118],[-10.401,19.988],[-33.038,7.954],[-54.046,-7.546],[-69.34,-29.163],[-75.255,-59.143],[-72.604,-83.209],[-62.202,-105.643],[-40.38,-122.366],[-3.466,-128.893],[32.632,-121.347],[54.046,-102.788],[64.651,-79.742],[67.914,-59.143],[65.264,-53.637],[59.349,-51.394],[26.716,-51.394],[21.212,-53.637],[18.56,-59.143],[16.927,-69.137],[13.258,-78.518],[6.527,-85.452],[-4.283,-88.103],[-21.821,-79.946],[-26.307,-61.999],[-22.841,-46.499],[-13.461,-34.874],[0.204,-25.696],[16.52,-17.132],[37.322,-6.321],[56.494,8.158],[70.362,28.552],[75.664,57.512],[69.138,91.165],[52.007,113.191],[27.737,125.222],[-0.204,128.893],[-26.717,125.222],[-50.578,112.985],[-68.118,90.756]],"c":true},"ix":2},"nm":"Path 1","mn":"ADBE Vector Shape - Group","hd":false},{"ty":"fl","c":{"a":0,"k":[0.00521627127,0.006204414368,0.011134693669,1],"ix":4},"o":{"a":0,"k":100,"ix":5},"r":1,"bm":0,"nm":"Fill 1","mn":"ADBE Vector Graphic - Fill","hd":false},{"ty":"tr","p":{"a":0,"k":[287.247,129.214],"ix":2},"a":{"a":0,"k":[0,0],"ix":1},"s":{"a":0,"k":[100,100],"ix":3},"r":{"a":0,"k":0,"ix":6},"o":{"a":0,"k":100,"ix":7},"sk":{"a":0,"k":0,"ix":4},"sa":{"a":0,"k":0,"ix":5},"nm":"Transform"}],"nm":"Group 9","np":2,"cix":2,"bm":0,"ix":4,"mn":"ADBE Vector Group","hd":false},{"ty":"gr","it":[{"ind":0,"ty":"sh","ix":1,"ks":{"a":0,"k":{"i":[[0,0],[1.632,-1.493],[2.174,0],[0,0],[1.632,1.497],[0,2.18],[0,0],[-1.632,1.497],[-2.18,0],[0,0],[-1.631,-1.491],[0,-2.174]],"o":[[0,2.18],[-1.631,1.497],[0,0],[-2.18,0],[-1.632,-1.493],[0,0],[0,-2.174],[1.632,-1.491],[0,0],[2.174,0],[1.632,1.497],[0,0]],"v":[[24.473,118.289],[22.025,123.797],[16.316,126.039],[-16.314,126.039],[-22.026,123.797],[-24.473,118.289],[-24.473,-118.288],[-22.026,-123.794],[-16.314,-126.039],[16.316,-126.039],[22.025,-123.794],[24.473,-118.288]],"c":true},"ix":2},"nm":"Path 1","mn":"ADBE Vector Shape - Group","hd":false},{"ty":"fl","c":{"a":0,"k":[0.00521627127,0.006204414368,0.011134693669,1],"ix":4},"o":{"a":0,"k":100,"ix":5},"r":1,"bm":0,"nm":"Fill 1","mn":"ADBE Vector Graphic - Fill","hd":false},{"ty":"tr","p":{"a":0,"k":[163.916,129.213],"ix":2},"a":{"a":0,"k":[0,0],"ix":1},"s":{"a":0,"k":[100,100],"ix":3},"r":{"a":0,"k":0,"ix":6},"o":{"a":0,"k":100,"ix":7},"sk":{"a":0,"k":0,"ix":4},"sa":{"a":0,"k":0,"ix":5},"nm":"Transform"}],"nm":"Group 10","np":2,"cix":2,"bm":0,"ix":5,"mn":"ADBE Vector Group","hd":false},{"ty":"gr","it":[{"ind":0,"ty":"sh","ix":1,"ks":{"a":0,"k":{"i":[[0,0],[1.632,1.497],[0,2.18],[0,0],[-1.632,1.497],[-2.18,0],[0,0],[-1.632,-1.491],[0,-2.174],[0,0],[0,0],[-1.499,-1.632],[0,-2.174],[0,0],[1.491,-1.629],[2.174,0]],"o":[[-2.18,0],[-1.632,-1.493],[0,0],[0,-2.174],[1.632,-1.491],[0,0],[2.173,0],[1.632,1.497],[0,0],[0,0],[2.174,0],[1.491,1.63],[0,0],[0,2.18],[-1.499,1.632],[0,0]],"v":[[-52.065,126.039],[-57.776,123.797],[-60.224,118.289],[-60.224,-118.288],[-57.776,-123.794],[-52.065,-126.039],[-19.433,-126.039],[-13.724,-123.794],[-11.276,-118.288],[-11.276,85.251],[52.354,85.251],[57.862,87.699],[60.104,93.408],[60.104,117.882],[57.862,123.591],[52.354,126.039]],"c":true},"ix":2},"nm":"Path 1","mn":"ADBE Vector Shape - Group","hd":false},{"ty":"mm","mm":4,"nm":"Merge Paths 1","mn":"ADBE Vector Filter - Merge","hd":false},{"ty":"fl","c":{"a":0,"k":[0.00521627127,0.006204414368,0.011134693669,1],"ix":4},"o":{"a":0,"k":100,"ix":5},"r":1,"bm":0,"nm":"Fill 1","mn":"ADBE Vector Graphic - Fill","hd":false},{"ty":"tr","p":{"a":0,"k":[60.224,129.213],"ix":2},"a":{"a":0,"k":[0,0],"ix":1},"s":{"a":0,"k":[100,100],"ix":3},"r":{"a":0,"k":0,"ix":6},"o":{"a":0,"k":100,"ix":7},"sk":{"a":0,"k":0,"ix":4},"sa":{"a":0,"k":0,"ix":5},"nm":"Transform"}],"nm":"Group 11","np":3,"cix":2,"bm":0,"ix":6,"mn":"ADBE Vector Group","hd":false}],"ip":0,"op":60.0000024438501,"st":0,"bm":0},{"ddd":0,"ind":5,"ty":4,"nm":"Shape Layer 5","td":1,"sr":1,"ks":{"o":{"a":0,"k":100,"ix":11},"r":{"a":0,"k":0,"ix":10},"p":{"a":0,"k":[960,540,0],"ix":2,"l":2},"a":{"a":0,"k":[0,0,0],"ix":1,"l":2},"s":{"a":0,"k":[100,100,100],"ix":6,"l":2}},"ao":0,"shapes":[{"ty":"gr","it":[{"ty":"rc","d":1,"s":{"a":0,"k":[1463.586,283],"ix":2},"p":{"a":0,"k":[0,0],"ix":3},"r":{"a":0,"k":0,"ix":4},"nm":"Rectangle Path 1","mn":"ADBE Vector Shape - Rect","hd":false},{"ty":"fl","c":{"a":0,"k":[0.955299945906,0.032838002373,0.032838002373,1],"ix":4},"o":{"a":0,"k":100,"ix":5},"r":1,"bm":0,"nm":"Fill 1","mn":"ADBE Vector Graphic - Fill","hd":false},{"ty":"tr","p":{"a":0,"k":[-232.207,-96.5],"ix":2},"a":{"a":0,"k":[0,0],"ix":1},"s":{"a":0,"k":[100,100],"ix":3},"r":{"a":0,"k":0,"ix":6},"o":{"a":0,"k":100,"ix":7},"sk":{"a":0,"k":0,"ix":4},"sa":{"a":0,"k":0,"ix":5},"nm":"Transform"}],"nm":"Rectangle 1","np":3,"cix":2,"bm":0,"ix":1,"mn":"ADBE Vector Group","hd":false}],"ip":0,"op":60.0000024438501,"st":-60.0000024438501,"bm":0},{"ddd":0,"ind":6,"ty":4,"nm":"L&F Stacked RGB-K Outlines 6","tt":1,"sr":1,"ks":{"o":{"a":0,"k":100,"ix":11},"r":{"a":0,"k":0,"ix":10},"p":{"a":1,"k":[{"i":{"x":0.833,"y":0.833},"o":{"x":0.333,"y":0},"t":10,"s":[20,-245,0],"to":[0,47.5,0],"ti":[0,-47.5,0]},{"t":15.0000006109625,"s":[20,40,0]}],"ix":2,"x":"var $bm_rt;\nvar e, g, nMax, n, n, t, v, vl, vu, vu, tCur, segDur, tNext, nb, delta;\ne = 0.2;\ng = 5000;\nnMax = 9;\n$bm_rt = n = 0;\nif (numKeys > 0) {\n    $bm_rt = n = nearestKey(time).index;\n    if (key(n).time > time)\n        n--;\n}\nif (n > 0) {\n    t = $bm_sub(time, key(n).time);\n    v = $bm_mul($bm_neg(velocityAtTime($bm_sub(key(n).time, 0.001))), e);\n    vl = length(v);\n    if ($bm_isInstanceOfArray(value)) {\n        vu = vl > 0 ? normalize(v) : [\n            0,\n            0,\n            0\n        ];\n    } else {\n        vu = v < 0 ? -1 : 1;\n    }\n    tCur = 0;\n    segDur = $bm_div($bm_mul(2, vl), g);\n    tNext = segDur;\n    nb = 1;\n    while (tNext < t && nb <= nMax) {\n        vl *= e;\n        segDur *= e;\n        tCur = tNext;\n        tNext = $bm_sum(tNext, segDur);\n        nb++;\n    }\n    if (nb <= nMax) {\n        delta = $bm_sub(t, tCur);\n        $bm_rt = $bm_sum(value, $bm_mul($bm_mul(vu, delta), $bm_sub(vl, $bm_div($bm_mul(g, delta), 2))));\n    } else {\n        $bm_rt = value;\n    }\n} else\n    $bm_rt = value;","l":2},"a":{"a":0,"k":[0,0,0],"ix":1,"l":2},"s":{"a":0,"k":[100,100,100],"ix":6,"l":2}},"ao":0,"shapes":[{"ty":"gr","it":[{"ind":0,"ty":"sh","ix":1,"ks":{"a":0,"k":{"i":[[0,0],[5.435,4.078],[6.251,0],[0,0],[0,0],[0,0],[-5.444,4.08],[0,10.063]],"o":[[0,-10.058],[-5.444,-4.079],[0,0],[0,0],[0,0],[6.251,0],[5.435,-4.077],[0,0]],"v":[[25.494,-57.919],[17.337,-79.13],[-0.203,-85.249],[-25.493,-85.249],[-25.493,85.658],[-0.203,85.658],[17.337,79.538],[25.494,58.328]],"c":true},"ix":2},"nm":"Path 1","mn":"ADBE Vector Shape - Group","hd":false},{"ind":1,"ty":"sh","ix":2,"ks":{"a":0,"k":{"i":[[0,0],[1.632,1.499],[0,2.179],[0,0],[-1.631,1.497],[-2.18,0],[0,0],[-9.115,-3.531],[-6.665,-6.384],[-3.809,-8.567],[0,-10.331],[0,0],[3.806,-8.699],[6.66,-6.251],[9.106,-3.531],[10.605,0]],"o":[[-2.18,0],[-1.631,-1.491],[0,0],[0,-2.174],[1.632,-1.49],[0,0],[10.605,0],[9.106,3.535],[6.66,6.393],[3.806,8.565],[0,0],[0,10.064],[-3.809,8.705],[-6.665,6.26],[-9.115,3.538],[0,0]],"v":[[-66.281,126.039],[-71.993,123.794],[-74.441,118.289],[-74.441,-118.289],[-71.993,-123.795],[-66.281,-126.039],[-0.203,-126.039],[29.37,-120.734],[53.026,-105.849],[68.73,-83.413],[74.441,-55.066],[74.441,55.473],[68.73,83.618],[53.026,106.051],[29.37,120.736],[-0.203,126.039]],"c":true},"ix":2},"nm":"Path 2","mn":"ADBE Vector Shape - Group","hd":false},{"ty":"mm","mm":1,"nm":"Merge Paths 1","mn":"ADBE Vector Filter - Merge","hd":false},{"ty":"fl","c":{"a":0,"k":[0.00521627127,0.006204414368,0.011134693669,1],"ix":4},"o":{"a":0,"k":100,"ix":5},"r":1,"bm":0,"nm":"Fill 1","mn":"ADBE Vector Graphic - Fill","hd":false},{"ty":"tr","p":{"a":0,"k":[737.457,412.107],"ix":2},"a":{"a":0,"k":[0,0],"ix":1},"s":{"a":0,"k":[100,100],"ix":3},"r":{"a":0,"k":0,"ix":6},"o":{"a":0,"k":100,"ix":7},"sk":{"a":0,"k":0,"ix":4},"sa":{"a":0,"k":0,"ix":5},"nm":"Transform"}],"nm":"Group 3","np":4,"cix":2,"bm":0,"ix":1,"mn":"ADBE Vector Group","hd":false},{"ty":"gr","it":[{"ind":0,"ty":"sh","ix":1,"ks":{"a":0,"k":{"i":[[0,0],[0,0],[-1.63,1.497],[-2.18,0],[0,0],[-1.631,-1.49],[0,-2.174],[0,0],[1.63,-1.491],[2.174,0],[0,0],[1.357,1.222],[0.541,1.631],[0,0],[0,0],[1.632,-1.491],[2.174,0],[0,0],[1.632,1.499],[0,2.179],[0,0],[-1.632,1.497],[-2.181,0],[0,0],[-1.364,-1.225],[-0.548,-1.63]],"o":[[0,0],[0,-2.174],[1.632,-1.49],[0,0],[2.174,0],[1.63,1.497],[0,0],[0,2.179],[-1.631,1.499],[0,0],[-2.181,0],[-1.364,-1.223],[0,0],[0,0],[0,2.179],[-1.631,1.499],[0,0],[-2.181,0],[-1.632,-1.491],[0,0],[0,-2.174],[1.632,-1.49],[0,0],[2.171,0],[1.358,1.223],[0,0]],"v":[[24.883,-2.855],[24.883,-118.289],[27.328,-123.795],[33.04,-126.039],[65.67,-126.039],[71.383,-123.795],[73.828,-118.289],[73.828,118.289],[71.383,123.794],[65.67,126.039],[36.711,126.039],[31.409,124.203],[28.553,119.92],[-24.88,4.893],[-24.88,118.289],[-27.33,123.794],[-33.039,126.039],[-65.668,126.039],[-71.381,123.794],[-73.829,118.289],[-73.829,-118.289],[-71.381,-123.795],[-65.668,-126.039],[-36.708,-126.039],[-31.406,-124.202],[-28.552,-119.921]],"c":true},"ix":2},"nm":"Path 1","mn":"ADBE Vector Shape - Group","hd":false},{"ty":"fl","c":{"a":0,"k":[0.00521627127,0.006204414368,0.011134693669,1],"ix":4},"o":{"a":0,"k":100,"ix":5},"r":1,"bm":0,"nm":"Fill 1","mn":"ADBE Vector Graphic - Fill","hd":false},{"ty":"tr","p":{"a":0,"k":[559.875,412.107],"ix":2},"a":{"a":0,"k":[0,0],"ix":1},"s":{"a":0,"k":[100,100],"ix":3},"r":{"a":0,"k":0,"ix":6},"o":{"a":0,"k":100,"ix":7},"sk":{"a":0,"k":0,"ix":4},"sa":{"a":0,"k":0,"ix":5},"nm":"Transform"}],"nm":"Group 4","np":2,"cix":2,"bm":0,"ix":2,"mn":"ADBE Vector Group","hd":false},{"ty":"gr","it":[{"ind":0,"ty":"sh","ix":1,"ks":{"a":0,"k":{"i":[[10.873,0],[9.242,3.532],[6.661,6.392],[3.67,8.567],[0,10.063],[0,0],[-1.632,1.497],[-2.18,0],[0,0],[-1.632,-1.49],[0,-2.174],[0,0],[-5.577,-4.08],[-6.26,0],[-5.577,4.079],[0,10.063],[0,0],[-1.632,1.497],[-2.18,0],[0,0],[-1.63,-1.49],[0,-2.174],[0,0],[3.671,-8.566],[6.661,-6.386],[9.241,-3.529]],"o":[[-10.879,0],[-9.248,-3.529],[-6.667,-6.386],[-3.671,-8.566],[0,0],[0,-2.174],[1.632,-1.49],[0,0],[2.174,0],[1.631,1.497],[0,0],[0,10.063],[5.57,4.079],[6.251,0],[5.57,-4.08],[0,0],[0,-2.174],[1.632,-1.49],[0,0],[2.174,0],[1.632,1.497],[0,0],[0,10.063],[-3.671,8.567],[-6.666,6.392],[-9.247,3.532]],"v":[[0.001,127.466],[-30.184,122.164],[-54.046,107.275],[-69.544,84.842],[-75.052,56.901],[-75.052,-119.716],[-72.605,-125.222],[-66.893,-127.466],[-34.262,-127.466],[-28.552,-125.222],[-26.105,-119.716],[-26.105,59.349],[-17.742,80.559],[0.001,86.677],[17.744,80.559],[26.105,59.349],[26.105,-119.716],[28.552,-125.222],[34.264,-127.466],[66.895,-127.466],[72.605,-125.222],[75.052,-119.716],[75.052,56.901],[69.546,84.842],[54.045,107.275],[30.184,122.164]],"c":true},"ix":2},"nm":"Path 1","mn":"ADBE Vector Shape - Group","hd":false},{"ty":"fl","c":{"a":0,"k":[0.00521627127,0.006204414368,0.011134693669,1],"ix":4},"o":{"a":0,"k":100,"ix":5},"r":1,"bm":0,"nm":"Fill 1","mn":"ADBE Vector Graphic - Fill","hd":false},{"ty":"tr","p":{"a":0,"k":[381.68,413.534],"ix":2},"a":{"a":0,"k":[0,0],"ix":1},"s":{"a":0,"k":[100,100],"ix":3},"r":{"a":0,"k":0,"ix":6},"o":{"a":0,"k":100,"ix":7},"sk":{"a":0,"k":0,"ix":4},"sa":{"a":0,"k":0,"ix":5},"nm":"Transform"}],"nm":"Group 5","np":2,"cix":2,"bm":0,"ix":3,"mn":"ADBE Vector Group","hd":false},{"ty":"gr","it":[{"ind":0,"ty":"sh","ix":1,"ks":{"a":0,"k":{"i":[[-6.257,0],[-5.577,4.079],[0,10.063],[0,0],[5.57,4.078],[6.253,0],[5.571,-4.079],[0,-10.056],[0,0],[-5.576,-4.08]],"o":[[6.253,0],[5.57,-4.08],[0,0],[0,-10.056],[-5.577,-4.079],[-6.257,0],[-5.576,4.078],[0,0],[0,10.063],[5.571,4.079]],"v":[[-0.002,88.105],[17.743,81.987],[26.104,60.777],[26.104,-60.775],[17.743,-81.985],[-0.002,-88.103],[-17.745,-81.985],[-26.105,-60.775],[-26.105,60.777],[-17.745,81.987]],"c":true},"ix":2},"nm":"Path 1","mn":"ADBE Vector Shape - Group","hd":false},{"ind":1,"ty":"sh","ix":2,"ks":{"a":0,"k":{"i":[[-10.879,0],[-9.247,-3.529],[-6.667,-6.387],[-3.673,-8.566],[0,-10.059],[0,0],[3.67,-8.566],[6.66,-6.386],[9.242,-3.529],[10.875,0],[9.241,3.532],[6.661,6.392],[3.673,8.567],[0,10.063],[0,0],[-3.671,8.565],[-6.666,6.392],[-9.247,3.538]],"o":[[10.875,0],[9.242,3.538],[6.66,6.392],[3.67,8.565],[0,0],[0,10.063],[-3.673,8.567],[-6.667,6.392],[-9.247,3.532],[-10.879,0],[-9.247,-3.529],[-6.666,-6.386],[-3.671,-8.566],[0,0],[0,-10.059],[3.673,-8.566],[6.661,-6.387],[9.241,-3.529]],"v":[[-0.002,-128.893],[30.183,-123.591],[54.045,-108.702],[69.546,-86.268],[75.053,-58.326],[75.053,58.329],[69.546,86.27],[54.045,108.703],[30.183,123.591],[-0.002,128.893],[-30.185,123.591],[-54.047,108.703],[-69.547,86.27],[-75.053,58.329],[-75.053,-58.326],[-69.547,-86.268],[-54.047,-108.702],[-30.185,-123.591]],"c":true},"ix":2},"nm":"Path 2","mn":"ADBE Vector Shape - Group","hd":false},{"ty":"mm","mm":1,"nm":"Merge Paths 1","mn":"ADBE Vector Filter - Merge","hd":false},{"ty":"fl","c":{"a":0,"k":[0.00521627127,0.006204414368,0.011134693669,1],"ix":4},"o":{"a":0,"k":100,"ix":5},"r":1,"bm":0,"nm":"Fill 1","mn":"ADBE Vector Graphic - Fill","hd":false},{"ty":"tr","p":{"a":0,"k":[204.301,412.106],"ix":2},"a":{"a":0,"k":[0,0],"ix":1},"s":{"a":0,"k":[100,100],"ix":3},"r":{"a":0,"k":0,"ix":6},"o":{"a":0,"k":100,"ix":7},"sk":{"a":0,"k":0,"ix":4},"sa":{"a":0,"k":0,"ix":5},"nm":"Transform"}],"nm":"Group 6","np":4,"cix":2,"bm":0,"ix":4,"mn":"ADBE Vector Group","hd":false},{"ty":"gr","it":[{"ind":0,"ty":"sh","ix":1,"ks":{"a":0,"k":{"i":[[0,0],[1.632,-1.491],[2.173,0],[0,0],[1.632,1.499],[0,2.179],[0,0],[-1.632,1.497],[-2.18,0],[0,0],[-1.499,-1.632],[0,-2.174],[0,0],[1.491,-1.631],[2.174,0],[0,0],[0,0],[0,0],[-1.497,-1.632],[0,-2.173],[0,0],[1.49,-1.632],[2.171,0],[0,0]],"o":[[0,2.179],[-1.632,1.499],[0,0],[-2.18,0],[-1.632,-1.491],[0,0],[0,-2.174],[1.632,-1.49],[0,0],[2.174,0],[1.491,1.632],[0,0],[0,2.178],[-1.499,1.632],[0,0],[0,0],[0,0],[2.171,0],[1.49,1.632],[0,0],[0,2.179],[-1.497,1.63],[0,0],[0,0]],"v":[[-11.276,118.289],[-13.724,123.794],[-19.433,126.039],[-52.065,126.039],[-57.776,123.794],[-60.224,118.289],[-60.224,-118.289],[-57.776,-123.795],[-52.065,-126.039],[52.354,-126.039],[57.862,-123.591],[60.104,-117.88],[60.104,-93.407],[57.862,-87.697],[52.354,-85.249],[-11.276,-85.249],[-11.276,-13.053],[33.185,-13.053],[38.691,-10.605],[40.933,-4.896],[40.933,19.579],[38.691,25.29],[33.185,27.736],[-11.276,27.736]],"c":true},"ix":2},"nm":"Path 1","mn":"ADBE Vector Shape - Group","hd":false},{"ty":"mm","mm":4,"nm":"Merge Paths 1","mn":"ADBE Vector Filter - Merge","hd":false},{"ty":"fl","c":{"a":0,"k":[0.00521627127,0.006204414368,0.011134693669,1],"ix":4},"o":{"a":0,"k":100,"ix":5},"r":1,"bm":0,"nm":"Fill 1","mn":"ADBE Vector Graphic - Fill","hd":false},{"ty":"tr","p":{"a":0,"k":[60.224,412.107],"ix":2},"a":{"a":0,"k":[0,0],"ix":1},"s":{"a":0,"k":[100,100],"ix":3},"r":{"a":0,"k":0,"ix":6},"o":{"a":0,"k":100,"ix":7},"sk":{"a":0,"k":0,"ix":4},"sa":{"a":0,"k":0,"ix":5},"nm":"Transform"}],"nm":"Group 7","np":3,"cix":2,"bm":0,"ix":5,"mn":"ADBE Vector Group","hd":false}],"ip":0,"op":60.0000024438501,"st":0,"bm":0},{"ddd":0,"ind":7,"ty":4,"nm":"Shape Layer 3","td":1,"sr":1,"ks":{"o":{"a":0,"k":100,"ix":11},"r":{"a":0,"k":0,"ix":10},"p":{"a":0,"k":[960,540,0],"ix":2,"l":2},"a":{"a":0,"k":[0,0,0],"ix":1,"l":2},"s":{"a":0,"k":[100,100,100],"ix":6,"l":2}},"ao":0,"shapes":[{"ty":"gr","it":[{"ty":"rc","d":1,"s":{"a":0,"k":[908.781,612.391],"ix":2},"p":{"a":0,"k":[0,0],"ix":3},"r":{"a":0,"k":0,"ix":4},"nm":"Rectangle Path 1","mn":"ADBE Vector Shape - Rect","hd":false},{"ty":"fl","c":{"a":0,"k":[0.955299945906,0.032838002373,0.032838002373,1],"ix":4},"o":{"a":0,"k":100,"ix":5},"r":1,"bm":0,"nm":"Fill 1","mn":"ADBE Vector Graphic - Fill","hd":false},{"ty":"tr","p":{"a":0,"k":[-509.609,-235.805],"ix":2},"a":{"a":0,"k":[0,0],"ix":1},"s":{"a":0,"k":[100,100],"ix":3},"r":{"a":0,"k":0,"ix":6},"o":{"a":0,"k":100,"ix":7},"sk":{"a":0,"k":0,"ix":4},"sa":{"a":0,"k":0,"ix":5},"nm":"Transform"}],"nm":"Rectangle 1","np":3,"cix":2,"bm":0,"ix":1,"mn":"ADBE Vector Group","hd":false}],"ip":142.000005783779,"op":372.000015151871,"st":22.0000008960784,"bm":0},{"ddd":0,"ind":8,"ty":4,"nm":"L&F Stacked RGB-K Outlines 5","tt":1,"sr":1,"ks":{"o":{"a":0,"k":100,"ix":11},"r":{"a":0,"k":0,"ix":10},"p":{"a":1,"k":[{"i":{"x":0.833,"y":0.833},"o":{"x":0.333,"y":0},"t":142,"s":[20,-260,0],"to":[0,50,0],"ti":[0,-50,0]},{"t":147.000005987433,"s":[20,40,0]}],"ix":2,"x":"var $bm_rt;\nvar e, g, nMax, n, n, t, v, vl, vu, vu, tCur, segDur, tNext, nb, delta;\ne = 0.2;\ng = 5000;\nnMax = 9;\n$bm_rt = n = 0;\nif (numKeys > 0) {\n    $bm_rt = n = nearestKey(time).index;\n    if (key(n).time > time)\n        n--;\n}\nif (n > 0) {\n    t = $bm_sub(time, key(n).time);\n    v = $bm_mul($bm_neg(velocityAtTime($bm_sub(key(n).time, 0.001))), e);\n    vl = length(v);\n    if ($bm_isInstanceOfArray(value)) {\n        vu = vl > 0 ? normalize(v) : [\n            0,\n            0,\n            0\n        ];\n    } else {\n        vu = v < 0 ? -1 : 1;\n    }\n    tCur = 0;\n    segDur = $bm_div($bm_mul(2, vl), g);\n    tNext = segDur;\n    nb = 1;\n    while (tNext < t && nb <= nMax) {\n        vl *= e;\n        segDur *= e;\n        tCur = tNext;\n        tNext = $bm_sum(tNext, segDur);\n        nb++;\n    }\n    if (nb <= nMax) {\n        delta = $bm_sub(t, tCur);\n        $bm_rt = $bm_sum(value, $bm_mul($bm_mul(vu, delta), $bm_sub(vl, $bm_div($bm_mul(g, delta), 2))));\n    } else {\n        $bm_rt = value;\n    }\n} else\n    $bm_rt = value;","l":2},"a":{"a":0,"k":[0,0,0],"ix":1,"l":2},"s":{"a":0,"k":[100,100,100],"ix":6,"l":2}},"ao":0,"shapes":[{"ty":"gr","it":[{"ind":0,"ty":"sh","ix":1,"ks":{"a":0,"k":{"i":[[6.095,0],[0,15.565],[-7.441,7.994],[0,0]],"o":[[-9.78,0],[0,-7.453],[0,0],[-5.505,5.18]],"v":[[-14.489,61.666],[-34.723,40.557],[-22.913,16.49],[3.082,53.1]],"c":true},"ix":2},"nm":"Path 1","mn":"ADBE Vector Shape - Group","hd":false},{"ind":1,"ty":"sh","ix":2,"ks":{"a":0,"k":{"i":[[0.089,0.441],[0.48,0.726],[0,0],[0,0],[-2.459,11.048],[-0.003,0.016],[0,0.644],[0.089,0.496],[3.407,0],[0,0],[0.017,0],[0.02,0],[0.913,-3.137],[0,-0.002],[0.004,-0.017],[0.004,-0.016],[2.523,-5.525],[0,0],[0,0],[0,3.229],[-9.673,0],[-2.13,-7.288],[0,0],[-2.955,0],[0,0],[0,4.317],[0.089,0.496],[0.001,0.006],[0,0.001],[25.822,0],[0,-29.018],[-5.23,-8.356],[0,0],[0,-18.485],[-32.055,0],[-10.673,8.859],[0,0],[0,0],[-2.231,0],[0,0],[0,3.836]],"o":[[-0.177,-0.88],[0,0],[0,0],[9.2,-15.356],[0.004,-0.017],[0.132,-0.599],[0,-0.525],[-0.641,-3.582],[0,0],[-0.017,0],[-0.02,0],[-3.122,0],[-0.001,0.002],[-0.005,0.017],[-0.005,0.015],[-1.101,4.007],[0,0],[0,0],[-1.659,-2.724],[0,-9.671],[7.969,0],[0,0],[1.036,2.877],[0,0],[3.878,0],[0,-0.525],[-0.001,-0.006],[0,0],[-4.433,-24.563],[-29.02,0],[0,9.896],[0,0],[-16.767,15.673],[0,32.562],[14.741,0],[0,0],[0,0],[1.287,1.806],[0.037,0],[3.878,0],[0,-0.466]],"v":[[69.674,87.303],[68.659,84.887],[68.664,84.859],[46.807,54.078],[64.298,11.432],[64.302,11.384],[64.511,9.518],[64.376,7.984],[57.489,1.702],[36.295,1.702],[36.249,1.705],[36.189,1.702],[29.51,7.109],[29.506,7.115],[29.491,7.167],[29.478,7.213],[23.951,21.892],[-12.198,-29.014],[-16.218,-35.032],[-18.753,-44.127],[-1.212,-61.667],[15.629,-49.039],[15.63,-49.038],[22.146,-44.127],[43.697,-44.127],[50.719,-51.943],[50.584,-53.477],[50.58,-53.496],[50.581,-53.499],[-1.212,-96.754],[-53.841,-44.127],[-45.846,-16.229],[-43.427,-12.601],[-69.81,40.557],[-14.489,96.754],[23.629,82.037],[31.16,92.643],[31.167,92.644],[36.669,95.612],[62.787,95.612],[69.81,88.666]],"c":true},"ix":2},"nm":"Path 2","mn":"ADBE Vector Shape - Group","hd":false},{"ty":"mm","mm":1,"nm":"Merge Paths 1","mn":"ADBE Vector Filter - Merge","hd":false},{"ty":"mm","mm":4,"nm":"Merge Paths 2","mn":"ADBE Vector Filter - Merge","hd":false},{"ty":"fl","c":{"a":0,"k":[0.00521627127,0.006204414368,0.011134693669,1],"ix":4},"o":{"a":0,"k":100,"ix":5},"r":1,"bm":0,"nm":"Fill 1","mn":"ADBE Vector Graphic - Fill","hd":false},{"ty":"tr","p":{"a":0,"k":[588.936,97.042],"ix":2},"a":{"a":0,"k":[0,0],"ix":1},"s":{"a":0,"k":[100,100],"ix":3},"r":{"a":0,"k":0,"ix":6},"o":{"a":0,"k":100,"ix":7},"sk":{"a":0,"k":0,"ix":4},"sa":{"a":0,"k":0,"ix":5},"nm":"Transform"}],"nm":"Group 1","np":5,"cix":2,"bm":0,"ix":1,"mn":"ADBE Vector Group","hd":false},{"ty":"gr","it":[{"ind":0,"ty":"sh","ix":1,"ks":{"a":0,"k":{"i":[[1.491,1.63],[2.174,0],[0,0],[1.499,-1.632],[0,-2.174],[0,0],[-1.491,-1.629],[-2.172,0],[0,0],[-1.499,1.632],[0,2.18],[0,0]],"o":[[-1.499,-1.632],[0,0],[-2.172,0],[-1.491,1.63],[0,0],[0,2.18],[1.499,1.632],[0,0],[2.174,0],[1.491,-1.629],[0,0],[0,-2.174]],"v":[[68.95,-17.946],[63.442,-20.394],[-63.441,-20.394],[-68.948,-17.946],[-71.191,-12.237],[-71.191,12.237],[-68.948,17.946],[-63.441,20.394],[63.442,20.394],[68.95,17.946],[71.192,12.237],[71.192,-12.237]],"c":true},"ix":2},"nm":"Path 1","mn":"ADBE Vector Shape - Group","hd":false},{"ty":"fl","c":{"a":0,"k":[0.00521627127,0.006204414368,0.011134693669,1],"ix":4},"o":{"a":0,"k":100,"ix":5},"r":1,"bm":0,"nm":"Fill 1","mn":"ADBE Vector Graphic - Fill","hd":false},{"ty":"tr","p":{"a":0,"k":[591.824,234.858],"ix":2},"a":{"a":0,"k":[0,0],"ix":1},"s":{"a":0,"k":[100,100],"ix":3},"r":{"a":0,"k":0,"ix":6},"o":{"a":0,"k":100,"ix":7},"sk":{"a":0,"k":0,"ix":4},"sa":{"a":0,"k":0,"ix":5},"nm":"Transform"}],"nm":"Group 2","np":2,"cix":2,"bm":0,"ix":2,"mn":"ADBE Vector Group","hd":false},{"ty":"gr","it":[{"ind":0,"ty":"sh","ix":1,"ks":{"a":0,"k":{"i":[[0,0],[0,0],[1.491,1.632],[0,2.178],[0,0],[-1.496,1.632],[-2.178,0],[0,0],[-1.496,-1.632],[0,-2.174],[0,0],[1.493,-1.632],[2.174,0],[0,0],[0,0],[1.633,-1.493],[2.174,0],[0,0],[1.632,1.497],[0,2.18]],"o":[[0,0],[-2.178,0],[-1.496,-1.632],[0,0],[0,-2.174],[1.491,-1.632],[0,0],[2.174,0],[1.493,1.632],[0,0],[0,2.178],[-1.496,1.632],[0,0],[0,0],[0,2.18],[-1.632,1.497],[0,0],[-2.18,0],[-1.632,-1.493],[0,0]],"v":[[-24.473,-85.248],[-58.736,-85.248],[-64.243,-87.696],[-66.487,-93.405],[-66.487,-117.879],[-64.243,-123.59],[-58.736,-126.039],[58.737,-126.039],[64.242,-123.59],[66.488,-117.879],[66.488,-93.405],[64.242,-87.696],[58.737,-85.248],[24.474,-85.248],[24.474,118.289],[22.026,123.797],[16.316,126.039],[-16.314,126.039],[-22.026,123.797],[-24.473,118.289]],"c":true},"ix":2},"nm":"Path 1","mn":"ADBE Vector Shape - Group","hd":false},{"ty":"fl","c":{"a":0,"k":[0.00521627127,0.006204414368,0.011134693669,1],"ix":4},"o":{"a":0,"k":100,"ix":5},"r":1,"bm":0,"nm":"Fill 1","mn":"ADBE Vector Graphic - Fill","hd":false},{"ty":"tr","p":{"a":0,"k":[432.039,129.213],"ix":2},"a":{"a":0,"k":[0,0],"ix":1},"s":{"a":0,"k":[100,100],"ix":3},"r":{"a":0,"k":0,"ix":6},"o":{"a":0,"k":100,"ix":7},"sk":{"a":0,"k":0,"ix":4},"sa":{"a":0,"k":0,"ix":5},"nm":"Transform"}],"nm":"Group 8","np":2,"cix":2,"bm":0,"ix":3,"mn":"ADBE Vector Group","hd":false},{"ty":"gr","it":[{"ind":0,"ty":"sh","ix":1,"ks":{"a":0,"k":{"i":[[0.542,13.327],[-1.771,1.496],[-2.18,0],[0,0],[-1.499,-1.493],[-0.275,-2.174],[-0.548,-3.672],[-1.906,-3.122],[-3.671,-1.899],[-6.528,0],[-3.403,2.312],[-1.497,3.129],[-0.275,2.855],[0,0.816],[6.658,5.986],[11.421,5.442],[7.75,4.219],[6.253,6.118],[3.938,8.297],[0,11.695],[-1.771,8.157],[-5.17,6.799],[-9.382,4.352],[-15.233,0],[-9.114,-5.028],[-5.169,-7.341],[-1.906,-8.018],[-0.274,-5.711],[1.764,-1.493],[2.174,0],[0,0],[1.49,1.497],[0.268,2.178],[0.816,3.403],[1.629,2.855],[2.855,1.771],[4.346,0],[2.988,-5.438],[0,-6.525],[-2.315,-4.347],[-3.945,-3.396],[-5.17,-2.716],[-5.71,-2.988],[-7.073,-3.939],[-5.712,-5.71],[-3.538,-7.883],[0,-11.421],[4.347,-9.108],[7.067,-5.57],[9.108,-2.445],[9.515,0],[8.7,2.448],[7.202,5.712],[4.487,9.115]],"o":[[0,-2.174],[1.767,-1.493],[0,0],[2.174,0],[1.49,1.496],[0,3.263],[0.54,3.671],[1.9,3.129],[3.67,1.906],[6.251,0],[3.397,-2.307],[1.493,-3.122],[0.267,-2.857],[0,-10.605],[-6.667,-5.977],[-7.343,-3.806],[-7.751,-4.212],[-6.258,-6.119],[-3.945,-8.292],[0,-7.885],[1.765,-8.157],[5.161,-6.795],[9.38,-4.347],[14.951,0],[9.106,5.035],[5.164,7.341],[1.9,8.024],[0,2.178],[-1.774,1.497],[0,0],[-2.18,0],[-1.499,-1.493],[-0.274,-3.264],[-0.816,-3.396],[-1.632,-2.857],[-2.855,-1.767],[-8.707,0],[-2.996,5.442],[0,5.986],[2.307,4.354],[3.938,3.403],[5.161,2.72],[6.795,3.264],[7.068,3.945],[5.709,5.711],[3.529,7.891],[0,13.327],[-4.352,9.112],[-7.075,5.577],[-9.114,2.448],[-8.973,0],[-8.705,-2.445],[-7.208,-5.709],[-4.486,-9.108]],"v":[[-75.665,57.106],[-73.014,51.6],[-67.098,49.355],[-34.467,49.355],[-28.959,51.6],[-26.307,57.106],[-25.492,67.507],[-21.821,77.703],[-13.461,85.25],[1.837,88.105],[16.315,84.638],[23.656,76.48],[26.309,67.507],[26.716,61.999],[16.724,37.118],[-10.401,19.988],[-33.038,7.954],[-54.046,-7.546],[-69.34,-29.163],[-75.255,-59.143],[-72.604,-83.209],[-62.202,-105.643],[-40.38,-122.366],[-3.466,-128.893],[32.632,-121.347],[54.046,-102.788],[64.651,-79.742],[67.914,-59.143],[65.264,-53.637],[59.349,-51.394],[26.716,-51.394],[21.212,-53.637],[18.56,-59.143],[16.927,-69.137],[13.258,-78.518],[6.527,-85.452],[-4.283,-88.103],[-21.821,-79.946],[-26.307,-61.999],[-22.841,-46.499],[-13.461,-34.874],[0.204,-25.696],[16.52,-17.132],[37.322,-6.321],[56.494,8.158],[70.362,28.552],[75.664,57.512],[69.138,91.165],[52.007,113.191],[27.737,125.222],[-0.204,128.893],[-26.717,125.222],[-50.578,112.985],[-68.118,90.756]],"c":true},"ix":2},"nm":"Path 1","mn":"ADBE Vector Shape - Group","hd":false},{"ty":"fl","c":{"a":0,"k":[0.00521627127,0.006204414368,0.011134693669,1],"ix":4},"o":{"a":0,"k":100,"ix":5},"r":1,"bm":0,"nm":"Fill 1","mn":"ADBE Vector Graphic - Fill","hd":false},{"ty":"tr","p":{"a":0,"k":[287.247,129.214],"ix":2},"a":{"a":0,"k":[0,0],"ix":1},"s":{"a":0,"k":[100,100],"ix":3},"r":{"a":0,"k":0,"ix":6},"o":{"a":0,"k":100,"ix":7},"sk":{"a":0,"k":0,"ix":4},"sa":{"a":0,"k":0,"ix":5},"nm":"Transform"}],"nm":"Group 9","np":2,"cix":2,"bm":0,"ix":4,"mn":"ADBE Vector Group","hd":false},{"ty":"gr","it":[{"ind":0,"ty":"sh","ix":1,"ks":{"a":0,"k":{"i":[[0,0],[1.632,-1.493],[2.174,0],[0,0],[1.632,1.497],[0,2.18],[0,0],[-1.632,1.497],[-2.18,0],[0,0],[-1.631,-1.491],[0,-2.174]],"o":[[0,2.18],[-1.631,1.497],[0,0],[-2.18,0],[-1.632,-1.493],[0,0],[0,-2.174],[1.632,-1.491],[0,0],[2.174,0],[1.632,1.497],[0,0]],"v":[[24.473,118.289],[22.025,123.797],[16.316,126.039],[-16.314,126.039],[-22.026,123.797],[-24.473,118.289],[-24.473,-118.288],[-22.026,-123.794],[-16.314,-126.039],[16.316,-126.039],[22.025,-123.794],[24.473,-118.288]],"c":true},"ix":2},"nm":"Path 1","mn":"ADBE Vector Shape - Group","hd":false},{"ty":"fl","c":{"a":0,"k":[0.00521627127,0.006204414368,0.011134693669,1],"ix":4},"o":{"a":0,"k":100,"ix":5},"r":1,"bm":0,"nm":"Fill 1","mn":"ADBE Vector Graphic - Fill","hd":false},{"ty":"tr","p":{"a":0,"k":[163.916,129.213],"ix":2},"a":{"a":0,"k":[0,0],"ix":1},"s":{"a":0,"k":[100,100],"ix":3},"r":{"a":0,"k":0,"ix":6},"o":{"a":0,"k":100,"ix":7},"sk":{"a":0,"k":0,"ix":4},"sa":{"a":0,"k":0,"ix":5},"nm":"Transform"}],"nm":"Group 10","np":2,"cix":2,"bm":0,"ix":5,"mn":"ADBE Vector Group","hd":false},{"ty":"gr","it":[{"ind":0,"ty":"sh","ix":1,"ks":{"a":0,"k":{"i":[[0,0],[1.632,1.497],[0,2.18],[0,0],[-1.632,1.497],[-2.18,0],[0,0],[-1.632,-1.491],[0,-2.174],[0,0],[0,0],[-1.499,-1.632],[0,-2.174],[0,0],[1.491,-1.629],[2.174,0]],"o":[[-2.18,0],[-1.632,-1.493],[0,0],[0,-2.174],[1.632,-1.491],[0,0],[2.173,0],[1.632,1.497],[0,0],[0,0],[2.174,0],[1.491,1.63],[0,0],[0,2.18],[-1.499,1.632],[0,0]],"v":[[-52.065,126.039],[-57.776,123.797],[-60.224,118.289],[-60.224,-118.288],[-57.776,-123.794],[-52.065,-126.039],[-19.433,-126.039],[-13.724,-123.794],[-11.276,-118.288],[-11.276,85.251],[52.354,85.251],[57.862,87.699],[60.104,93.408],[60.104,117.882],[57.862,123.591],[52.354,126.039]],"c":true},"ix":2},"nm":"Path 1","mn":"ADBE Vector Shape - Group","hd":false},{"ty":"mm","mm":4,"nm":"Merge Paths 1","mn":"ADBE Vector Filter - Merge","hd":false},{"ty":"fl","c":{"a":0,"k":[0.00521627127,0.006204414368,0.011134693669,1],"ix":4},"o":{"a":0,"k":100,"ix":5},"r":1,"bm":0,"nm":"Fill 1","mn":"ADBE Vector Graphic - Fill","hd":false},{"ty":"tr","p":{"a":0,"k":[60.224,129.213],"ix":2},"a":{"a":0,"k":[0,0],"ix":1},"s":{"a":0,"k":[100,100],"ix":3},"r":{"a":0,"k":0,"ix":6},"o":{"a":0,"k":100,"ix":7},"sk":{"a":0,"k":0,"ix":4},"sa":{"a":0,"k":0,"ix":5},"nm":"Transform"}],"nm":"Group 11","np":3,"cix":2,"bm":0,"ix":6,"mn":"ADBE Vector Group","hd":false}],"ip":142.000005783779,"op":372.000015151871,"st":142.000005783779,"bm":0},{"ddd":0,"ind":9,"ty":4,"nm":"Shape Layer 4","td":1,"sr":1,"ks":{"o":{"a":0,"k":100,"ix":11},"r":{"a":0,"k":0,"ix":10},"p":{"a":0,"k":[960,540,0],"ix":2,"l":2},"a":{"a":0,"k":[0,0,0],"ix":1,"l":2},"s":{"a":0,"k":[100,100,100],"ix":6,"l":2}},"ao":0,"shapes":[{"ty":"gr","it":[{"ty":"rc","d":1,"s":{"a":0,"k":[1463.586,283],"ix":2},"p":{"a":0,"k":[0,0],"ix":3},"r":{"a":0,"k":0,"ix":4},"nm":"Rectangle Path 1","mn":"ADBE Vector Shape - Rect","hd":false},{"ty":"fl","c":{"a":0,"k":[0.955299945906,0.032838002373,0.032838002373,1],"ix":4},"o":{"a":0,"k":100,"ix":5},"r":1,"bm":0,"nm":"Fill 1","mn":"ADBE Vector Graphic - Fill","hd":false},{"ty":"tr","p":{"a":0,"k":[-232.207,-96.5],"ix":2},"a":{"a":0,"k":[0,0],"ix":1},"s":{"a":0,"k":[100,100],"ix":3},"r":{"a":0,"k":0,"ix":6},"o":{"a":0,"k":100,"ix":7},"sk":{"a":0,"k":0,"ix":4},"sa":{"a":0,"k":0,"ix":5},"nm":"Transform"}],"nm":"Rectangle 1","np":3,"cix":2,"bm":0,"ix":1,"mn":"ADBE Vector Group","hd":false}],"ip":142.000005783779,"op":374.000015233332,"st":82.0000033399285,"bm":0},{"ddd":0,"ind":10,"ty":4,"nm":"L&F Stacked RGB-K Outlines 4","tt":1,"sr":1,"ks":{"o":{"a":0,"k":100,"ix":11},"r":{"a":0,"k":0,"ix":10},"p":{"a":1,"k":[{"i":{"x":0.833,"y":0.833},"o":{"x":0.333,"y":0},"t":152,"s":[20,-245,0],"to":[0,47.5,0],"ti":[0,-47.5,0]},{"t":157.000006394741,"s":[20,40,0]}],"ix":2,"x":"var $bm_rt;\nvar e, g, nMax, n, n, t, v, vl, vu, vu, tCur, segDur, tNext, nb, delta;\ne = 0.2;\ng = 5000;\nnMax = 9;\n$bm_rt = n = 0;\nif (numKeys > 0) {\n    $bm_rt = n = nearestKey(time).index;\n    if (key(n).time > time)\n        n--;\n}\nif (n > 0) {\n    t = $bm_sub(time, key(n).time);\n    v = $bm_mul($bm_neg(velocityAtTime($bm_sub(key(n).time, 0.001))), e);\n    vl = length(v);\n    if ($bm_isInstanceOfArray(value)) {\n        vu = vl > 0 ? normalize(v) : [\n            0,\n            0,\n            0\n        ];\n    } else {\n        vu = v < 0 ? -1 : 1;\n    }\n    tCur = 0;\n    segDur = $bm_div($bm_mul(2, vl), g);\n    tNext = segDur;\n    nb = 1;\n    while (tNext < t && nb <= nMax) {\n        vl *= e;\n        segDur *= e;\n        tCur = tNext;\n        tNext = $bm_sum(tNext, segDur);\n        nb++;\n    }\n    if (nb <= nMax) {\n        delta = $bm_sub(t, tCur);\n        $bm_rt = $bm_sum(value, $bm_mul($bm_mul(vu, delta), $bm_sub(vl, $bm_div($bm_mul(g, delta), 2))));\n    } else {\n        $bm_rt = value;\n    }\n} else\n    $bm_rt = value;","l":2},"a":{"a":0,"k":[0,0,0],"ix":1,"l":2},"s":{"a":0,"k":[100,100,100],"ix":6,"l":2}},"ao":0,"shapes":[{"ty":"gr","it":[{"ind":0,"ty":"sh","ix":1,"ks":{"a":0,"k":{"i":[[0,0],[5.435,4.078],[6.251,0],[0,0],[0,0],[0,0],[-5.444,4.08],[0,10.063]],"o":[[0,-10.058],[-5.444,-4.079],[0,0],[0,0],[0,0],[6.251,0],[5.435,-4.077],[0,0]],"v":[[25.494,-57.919],[17.337,-79.13],[-0.203,-85.249],[-25.493,-85.249],[-25.493,85.658],[-0.203,85.658],[17.337,79.538],[25.494,58.328]],"c":true},"ix":2},"nm":"Path 1","mn":"ADBE Vector Shape - Group","hd":false},{"ind":1,"ty":"sh","ix":2,"ks":{"a":0,"k":{"i":[[0,0],[1.632,1.499],[0,2.179],[0,0],[-1.631,1.497],[-2.18,0],[0,0],[-9.115,-3.531],[-6.665,-6.384],[-3.809,-8.567],[0,-10.331],[0,0],[3.806,-8.699],[6.66,-6.251],[9.106,-3.531],[10.605,0]],"o":[[-2.18,0],[-1.631,-1.491],[0,0],[0,-2.174],[1.632,-1.49],[0,0],[10.605,0],[9.106,3.535],[6.66,6.393],[3.806,8.565],[0,0],[0,10.064],[-3.809,8.705],[-6.665,6.26],[-9.115,3.538],[0,0]],"v":[[-66.281,126.039],[-71.993,123.794],[-74.441,118.289],[-74.441,-118.289],[-71.993,-123.795],[-66.281,-126.039],[-0.203,-126.039],[29.37,-120.734],[53.026,-105.849],[68.73,-83.413],[74.441,-55.066],[74.441,55.473],[68.73,83.618],[53.026,106.051],[29.37,120.736],[-0.203,126.039]],"c":true},"ix":2},"nm":"Path 2","mn":"ADBE Vector Shape - Group","hd":false},{"ty":"mm","mm":1,"nm":"Merge Paths 1","mn":"ADBE Vector Filter - Merge","hd":false},{"ty":"fl","c":{"a":0,"k":[0.00521627127,0.006204414368,0.011134693669,1],"ix":4},"o":{"a":0,"k":100,"ix":5},"r":1,"bm":0,"nm":"Fill 1","mn":"ADBE Vector Graphic - Fill","hd":false},{"ty":"tr","p":{"a":0,"k":[737.457,412.107],"ix":2},"a":{"a":0,"k":[0,0],"ix":1},"s":{"a":0,"k":[100,100],"ix":3},"r":{"a":0,"k":0,"ix":6},"o":{"a":0,"k":100,"ix":7},"sk":{"a":0,"k":0,"ix":4},"sa":{"a":0,"k":0,"ix":5},"nm":"Transform"}],"nm":"Group 3","np":4,"cix":2,"bm":0,"ix":1,"mn":"ADBE Vector Group","hd":false},{"ty":"gr","it":[{"ind":0,"ty":"sh","ix":1,"ks":{"a":0,"k":{"i":[[0,0],[0,0],[-1.63,1.497],[-2.18,0],[0,0],[-1.631,-1.49],[0,-2.174],[0,0],[1.63,-1.491],[2.174,0],[0,0],[1.357,1.222],[0.541,1.631],[0,0],[0,0],[1.632,-1.491],[2.174,0],[0,0],[1.632,1.499],[0,2.179],[0,0],[-1.632,1.497],[-2.181,0],[0,0],[-1.364,-1.225],[-0.548,-1.63]],"o":[[0,0],[0,-2.174],[1.632,-1.49],[0,0],[2.174,0],[1.63,1.497],[0,0],[0,2.179],[-1.631,1.499],[0,0],[-2.181,0],[-1.364,-1.223],[0,0],[0,0],[0,2.179],[-1.631,1.499],[0,0],[-2.181,0],[-1.632,-1.491],[0,0],[0,-2.174],[1.632,-1.49],[0,0],[2.171,0],[1.358,1.223],[0,0]],"v":[[24.883,-2.855],[24.883,-118.289],[27.328,-123.795],[33.04,-126.039],[65.67,-126.039],[71.383,-123.795],[73.828,-118.289],[73.828,118.289],[71.383,123.794],[65.67,126.039],[36.711,126.039],[31.409,124.203],[28.553,119.92],[-24.88,4.893],[-24.88,118.289],[-27.33,123.794],[-33.039,126.039],[-65.668,126.039],[-71.381,123.794],[-73.829,118.289],[-73.829,-118.289],[-71.381,-123.795],[-65.668,-126.039],[-36.708,-126.039],[-31.406,-124.202],[-28.552,-119.921]],"c":true},"ix":2},"nm":"Path 1","mn":"ADBE Vector Shape - Group","hd":false},{"ty":"fl","c":{"a":0,"k":[0.00521627127,0.006204414368,0.011134693669,1],"ix":4},"o":{"a":0,"k":100,"ix":5},"r":1,"bm":0,"nm":"Fill 1","mn":"ADBE Vector Graphic - Fill","hd":false},{"ty":"tr","p":{"a":0,"k":[559.875,412.107],"ix":2},"a":{"a":0,"k":[0,0],"ix":1},"s":{"a":0,"k":[100,100],"ix":3},"r":{"a":0,"k":0,"ix":6},"o":{"a":0,"k":100,"ix":7},"sk":{"a":0,"k":0,"ix":4},"sa":{"a":0,"k":0,"ix":5},"nm":"Transform"}],"nm":"Group 4","np":2,"cix":2,"bm":0,"ix":2,"mn":"ADBE Vector Group","hd":false},{"ty":"gr","it":[{"ind":0,"ty":"sh","ix":1,"ks":{"a":0,"k":{"i":[[10.873,0],[9.242,3.532],[6.661,6.392],[3.67,8.567],[0,10.063],[0,0],[-1.632,1.497],[-2.18,0],[0,0],[-1.632,-1.49],[0,-2.174],[0,0],[-5.577,-4.08],[-6.26,0],[-5.577,4.079],[0,10.063],[0,0],[-1.632,1.497],[-2.18,0],[0,0],[-1.63,-1.49],[0,-2.174],[0,0],[3.671,-8.566],[6.661,-6.386],[9.241,-3.529]],"o":[[-10.879,0],[-9.248,-3.529],[-6.667,-6.386],[-3.671,-8.566],[0,0],[0,-2.174],[1.632,-1.49],[0,0],[2.174,0],[1.631,1.497],[0,0],[0,10.063],[5.57,4.079],[6.251,0],[5.57,-4.08],[0,0],[0,-2.174],[1.632,-1.49],[0,0],[2.174,0],[1.632,1.497],[0,0],[0,10.063],[-3.671,8.567],[-6.666,6.392],[-9.247,3.532]],"v":[[0.001,127.466],[-30.184,122.164],[-54.046,107.275],[-69.544,84.842],[-75.052,56.901],[-75.052,-119.716],[-72.605,-125.222],[-66.893,-127.466],[-34.262,-127.466],[-28.552,-125.222],[-26.105,-119.716],[-26.105,59.349],[-17.742,80.559],[0.001,86.677],[17.744,80.559],[26.105,59.349],[26.105,-119.716],[28.552,-125.222],[34.264,-127.466],[66.895,-127.466],[72.605,-125.222],[75.052,-119.716],[75.052,56.901],[69.546,84.842],[54.045,107.275],[30.184,122.164]],"c":true},"ix":2},"nm":"Path 1","mn":"ADBE Vector Shape - Group","hd":false},{"ty":"fl","c":{"a":0,"k":[0.00521627127,0.006204414368,0.011134693669,1],"ix":4},"o":{"a":0,"k":100,"ix":5},"r":1,"bm":0,"nm":"Fill 1","mn":"ADBE Vector Graphic - Fill","hd":false},{"ty":"tr","p":{"a":0,"k":[381.68,413.534],"ix":2},"a":{"a":0,"k":[0,0],"ix":1},"s":{"a":0,"k":[100,100],"ix":3},"r":{"a":0,"k":0,"ix":6},"o":{"a":0,"k":100,"ix":7},"sk":{"a":0,"k":0,"ix":4},"sa":{"a":0,"k":0,"ix":5},"nm":"Transform"}],"nm":"Group 5","np":2,"cix":2,"bm":0,"ix":3,"mn":"ADBE Vector Group","hd":false},{"ty":"gr","it":[{"ind":0,"ty":"sh","ix":1,"ks":{"a":0,"k":{"i":[[-6.257,0],[-5.577,4.079],[0,10.063],[0,0],[5.57,4.078],[6.253,0],[5.571,-4.079],[0,-10.056],[0,0],[-5.576,-4.08]],"o":[[6.253,0],[5.57,-4.08],[0,0],[0,-10.056],[-5.577,-4.079],[-6.257,0],[-5.576,4.078],[0,0],[0,10.063],[5.571,4.079]],"v":[[-0.002,88.105],[17.743,81.987],[26.104,60.777],[26.104,-60.775],[17.743,-81.985],[-0.002,-88.103],[-17.745,-81.985],[-26.105,-60.775],[-26.105,60.777],[-17.745,81.987]],"c":true},"ix":2},"nm":"Path 1","mn":"ADBE Vector Shape - Group","hd":false},{"ind":1,"ty":"sh","ix":2,"ks":{"a":0,"k":{"i":[[-10.879,0],[-9.247,-3.529],[-6.667,-6.387],[-3.673,-8.566],[0,-10.059],[0,0],[3.67,-8.566],[6.66,-6.386],[9.242,-3.529],[10.875,0],[9.241,3.532],[6.661,6.392],[3.673,8.567],[0,10.063],[0,0],[-3.671,8.565],[-6.666,6.392],[-9.247,3.538]],"o":[[10.875,0],[9.242,3.538],[6.66,6.392],[3.67,8.565],[0,0],[0,10.063],[-3.673,8.567],[-6.667,6.392],[-9.247,3.532],[-10.879,0],[-9.247,-3.529],[-6.666,-6.386],[-3.671,-8.566],[0,0],[0,-10.059],[3.673,-8.566],[6.661,-6.387],[9.241,-3.529]],"v":[[-0.002,-128.893],[30.183,-123.591],[54.045,-108.702],[69.546,-86.268],[75.053,-58.326],[75.053,58.329],[69.546,86.27],[54.045,108.703],[30.183,123.591],[-0.002,128.893],[-30.185,123.591],[-54.047,108.703],[-69.547,86.27],[-75.053,58.329],[-75.053,-58.326],[-69.547,-86.268],[-54.047,-108.702],[-30.185,-123.591]],"c":true},"ix":2},"nm":"Path 2","mn":"ADBE Vector Shape - Group","hd":false},{"ty":"mm","mm":1,"nm":"Merge Paths 1","mn":"ADBE Vector Filter - Merge","hd":false},{"ty":"fl","c":{"a":0,"k":[0.00521627127,0.006204414368,0.011134693669,1],"ix":4},"o":{"a":0,"k":100,"ix":5},"r":1,"bm":0,"nm":"Fill 1","mn":"ADBE Vector Graphic - Fill","hd":false},{"ty":"tr","p":{"a":0,"k":[204.301,412.106],"ix":2},"a":{"a":0,"k":[0,0],"ix":1},"s":{"a":0,"k":[100,100],"ix":3},"r":{"a":0,"k":0,"ix":6},"o":{"a":0,"k":100,"ix":7},"sk":{"a":0,"k":0,"ix":4},"sa":{"a":0,"k":0,"ix":5},"nm":"Transform"}],"nm":"Group 6","np":4,"cix":2,"bm":0,"ix":4,"mn":"ADBE Vector Group","hd":false},{"ty":"gr","it":[{"ind":0,"ty":"sh","ix":1,"ks":{"a":0,"k":{"i":[[0,0],[1.632,-1.491],[2.173,0],[0,0],[1.632,1.499],[0,2.179],[0,0],[-1.632,1.497],[-2.18,0],[0,0],[-1.499,-1.632],[0,-2.174],[0,0],[1.491,-1.631],[2.174,0],[0,0],[0,0],[0,0],[-1.497,-1.632],[0,-2.173],[0,0],[1.49,-1.632],[2.171,0],[0,0]],"o":[[0,2.179],[-1.632,1.499],[0,0],[-2.18,0],[-1.632,-1.491],[0,0],[0,-2.174],[1.632,-1.49],[0,0],[2.174,0],[1.491,1.632],[0,0],[0,2.178],[-1.499,1.632],[0,0],[0,0],[0,0],[2.171,0],[1.49,1.632],[0,0],[0,2.179],[-1.497,1.63],[0,0],[0,0]],"v":[[-11.276,118.289],[-13.724,123.794],[-19.433,126.039],[-52.065,126.039],[-57.776,123.794],[-60.224,118.289],[-60.224,-118.289],[-57.776,-123.795],[-52.065,-126.039],[52.354,-126.039],[57.862,-123.591],[60.104,-117.88],[60.104,-93.407],[57.862,-87.697],[52.354,-85.249],[-11.276,-85.249],[-11.276,-13.053],[33.185,-13.053],[38.691,-10.605],[40.933,-4.896],[40.933,19.579],[38.691,25.29],[33.185,27.736],[-11.276,27.736]],"c":true},"ix":2},"nm":"Path 1","mn":"ADBE Vector Shape - Group","hd":false},{"ty":"mm","mm":4,"nm":"Merge Paths 1","mn":"ADBE Vector Filter - Merge","hd":false},{"ty":"fl","c":{"a":0,"k":[0.00521627127,0.006204414368,0.011134693669,1],"ix":4},"o":{"a":0,"k":100,"ix":5},"r":1,"bm":0,"nm":"Fill 1","mn":"ADBE Vector Graphic - Fill","hd":false},{"ty":"tr","p":{"a":0,"k":[60.224,412.107],"ix":2},"a":{"a":0,"k":[0,0],"ix":1},"s":{"a":0,"k":[100,100],"ix":3},"r":{"a":0,"k":0,"ix":6},"o":{"a":0,"k":100,"ix":7},"sk":{"a":0,"k":0,"ix":4},"sa":{"a":0,"k":0,"ix":5},"nm":"Transform"}],"nm":"Group 7","np":3,"cix":2,"bm":0,"ix":5,"mn":"ADBE Vector Group","hd":false}],"ip":142.000005783779,"op":374.000015233332,"st":142.000005783779,"bm":0}],"markers":[]}